word,dep,omission_v
clock,compound,0.055309301205792576
clock,pobj,0.00824496476331982
clock,pobj,0.035341697334371425
clock,pobj,0.1162293260305174
clock,pobj,0.193263837274661
clock,compound,0.19173156094286886
bananas,pobj,0.67176204636444
bananas,pobj,0.4645393410984634
bananas,pobj,0.3884442033646693
bananas,pobj,0.6339314824372808
bananas,pobj,0.4203853452427557
baby,compound,0.0306266388492944
dog,nsubj,0.2940329367259601
dog,ROOT,0.1899137009223361
dog,ROOT,0.2760596368084126
dog,ROOT,0.23143933893222055
dog,ROOT,0.15622634954126902
dog,compound,0.6624554457553282
dog,ROOT,0.6170231269148444
dog,nsubj,0.6148769852260354
dog,nsubj,0.4500110088340007
bananas,pobj,0.6395330586071604
bananas,pobj,0.5065220690745901
bananas,pobj,0.5191270023867551
bananas,pobj,0.553547124239604
bananas,pobj,0.5294303371010971
bananas,pobj,0.4160116118833548
bananas,pobj,0.2985073675755501
bananas,pobj,0.21754593203464667
bananas,pobj,0.05448957528860943
baby,dobj,0.13018240175413054
baby,dobj,0.11665150485449992
laptop,pobj,0.2647053790387448
laptop,pobj,0.13516416828098698
laptop,compound,0.03358688929568976
laptop,pobj,0.05965835189614621
dog,ROOT,0.15622634954126902
dog,nsubj,0.3625621229057369
dog,ROOT,0.27404697498628283
dog,ROOT,0.175274764069825
dog,nsubj,0.3796422239992925
laptop,appos,0.2152721788765809
laptop,compound,0.0763999679235341
laptop,pobj,0.5649104330609837
laptop,compound,0.029419032954596025
laptop,ROOT,0.33630891672463026
clock,ROOT,0.4160670299884193
clock,nsubj,0.4791403910055253
clock,nsubj,0.18030177370479986
clock,ROOT,0.30700154227488263
clock,nsubj,0.458905893059869
laptop,pobj,0.5170703079782135
laptop,pobj,0.33798490131612235
laptop,pobj,0.3453408371361226
laptop,pobj,0.35949659269526574
clock,pobj,0.07422339322017057
baby,pobj,0.23890692826377224
baby,dobj,0.03615530342012618
baby,dobj,0.018443539871932924
motorcycle,pobj,0.8649725639522434
motorcycle,dobj,0.4148444681639851
clock,ROOT,0.4158146829617726
clock,dobj,0.3673005951745749
clock,ROOT,0.7234066910859569
clock,pobj,0.6224372411537366
motorcycle,pobj,0.3870885896642983
motorcycle,nsubj,0.34687674354329234
motorcycle,nsubjpass,0.5833595174108053
baby,compound,0.022589545456265347
baby,compound,0.03407829354464598
baby,conj,0.01036392769999317
baby,conj,0.03668208869738143
baby,compound,0.016707935621598002
baby,compound,0.014324388522055753
dog,nsubj,0.07405831144241025
dog,nsubj,0.5707192416898993
dog,ROOT,0.6383160017907106
dog,ROOT,0.5535947612555921
dog,ROOT,0.4566165094138106
dog,ROOT,0.3968230553342593
dog,pobj,0.4519077867499459
dog,ROOT,0.4318016118441701
dog,ROOT,0.5359685248824188
dog,nsubj,0.3831639508722605
dog,ROOT,0.24539406163925506
dog,nsubj,0.18366259727255785
dog,ROOT,0.018620060734951042
dog,compound,0.03631614789549186
dog,pobj,0.3729218373692783
baby,compound,0.02436373068317688
zebra,pobj,0.8708500545985984
zebra,pobj,0.9222320272623082
laptop,pobj,0.03849901051416904
baby,compound,0.009235541371405032
laptop,compound,0.08845429236124736
baby,ROOT,0.24756669431159736
baby,ROOT,0.3617199373793193
baby,nsubj,0.44645361076416135
baby,compound,0.5292959796870897
baby,ROOT,0.4555194907021221
clock,ROOT,0.16199193244761625
clock,attr,0.04375318684337415
clock,ROOT,0.28121736515413986
clock,pobj,0.1738679057875797
clock,ROOT,0.10549278162735733
clock,compound,0.2958839797542706
bananas,conj,0.06994662804214302
motorcycle,ROOT,0.5669160530155268
motorcycle,pobj,0.15510506773904598
motorcycle,compound,0.4975358385658653
motorcycle,compound,0.12063669831611135
motorcycle,compound,0.12063669831611135
dog,ROOT,0.33925824737154675
dog,ROOT,0.3153749445138202
dog,nsubj,0.3672089802478049
dog,ROOT,0.4890261816458863
dog,ROOT,0.3869564034196487
dog,conj,0.11057455444017694
dog,dobj,0.05537796752750257
dog,conj,0.11896807965845425
dog,conj,0.13278727168669002
dog,pobj,0.2737916631591493
dog,pobj,0.4355031148709368
dog,pobj,0.23519116113656136
dog,dobj,0.1664903521594836
baby,compound,0.0185943157010976
dog,nsubj,0.09863636728230983
dog,conj,0.31993014575171896
dog,conj,0.22264505278108115
baby,nsubj,0.012892271667840459
zebra,ROOT,0.10185722476664394
zebra,dobj,0.007345067680347706
zebra,pobj,0.6837524916918216
baby,compound,0.015451202383272022
zebra,nsubj,0.9565951335498623
zebra,nsubj,0.05709613664318425
zebra,pobj,0.004079713274591778
bananas,pobj,0.48489833840384705
bananas,pobj,0.2773501092996725
bananas,pobj,0.4634275513427236
bananas,pobj,0.30570827730563954
dog,conj,0.13868656285020453
dog,conj,0.10607348097688107
dog,compound,0.03999838017237134
dog,conj,0.04838655682219817
dog,dobj,0.019207723068233595
laptop,pobj,0.2986881629668239
laptop,pobj,0.3266385199960813
laptop,pobj,0.08377714217304011
laptop,dobj,0.1293280679299169
clock,compound,0.08294991828286803
clock,compound,0.06178417408418335
clock,compound,0.04748712967183899
clock,compound,0.22989812322899195
clock,pobj,0.03971106444081308
clock,nsubj,0.35006021607564164
clock,compound,0.1639045705764659
clock,compound,0.5766373450704884
clock,nsubj,0.14396569100698664
clock,ROOT,0.1853793558174012
dog,pobj,0.05638002263763998
dog,pobj,0.1826240198756772
dog,pobj,0.07526854079000189
dog,pobj,0.20171316955902965
dog,pobj,0.18100147302638855
motorcycle,nsubj,0.5669626987030602
motorcycle,ROOT,0.6138255289156496
motorcycle,nsubjpass,0.6200031411203426
motorcycle,ROOT,0.8082884881936835
motorcycle,nsubjpass,0.6390688957344164
motorcycle,compound,0.044231997342706324
motorcycle,compound,0.024207917016567656
motorcycle,compound,0.18007017986188698
motorcycle,compound,0.13133888789620726
motorcycle,conj,0.18812698968474528
motorcycle,ROOT,0.618837039170751
motorcycle,ROOT,0.5694851194599175
motorcycle,nsubj,0.7087564136750321
motorcycle,ROOT,0.6773241914675889
baby,pobj,0.14370826757781066
baby,dobj,0.04439954634431786
baby,pobj,0.04868210866740197
laptop,pobj,0.1736782859100796
laptop,compound,0.03061855624418086
laptop,pobj,0.18658815945012874
laptop,pobj,0.21447229247076147
laptop,pobj,0.1929841249585874
motorcycle,conj,0.16936661240172635
dog,ROOT,0.5266921208373341
dog,ROOT,0.5955156844629171
dog,ROOT,0.41211537897775136
dog,ROOT,0.2945787946353906
dog,nsubj,0.37233341230834066
baby,compound,0.04759106316888472
baby,compound,0.011340655795099686
baby,compound,0.024856692409567
dog,ROOT,0.5642558120690968
dog,ROOT,0.4606365042580634
dog,nsubjpass,0.525148009273483
dog,nsubj,0.7266984407562725
dog,ROOT,0.4163012218884144
clock,compound,0.07367177602111417
clock,ROOT,0.159217543865795
clock,ROOT,0.4648728687522521
laptop,pobj,0.4470129606817502
laptop,pobj,0.17309011653254894
laptop,pobj,0.4347733270965461
laptop,pobj,0.3260037990147585
laptop,pobj,0.22519453342920134
laptop,compound,0.09668153860331972
laptop,conj,0.7156642137568341
laptop,dobj,0.488847542803825
laptop,compound,0.11534670459307915
clock,dobj,0.26028509464567934
clock,compound,0.053119734308931126
clock,compound,0.02458334825832353
clock,compound,0.052454443213660766
baby,compound,0.1307269896913098
baby,nsubj,0.09394397935488397
baby,compound,0.06600150520902759
baby,pobj,0.06894903045330514
motorcycle,pobj,0.362905900933222
motorcycle,dobj,0.4523438223849992
motorcycle,pobj,0.12574742753485568
motorcycle,compound,0.7346605064628173
motorcycle,pobj,0.6987143467059325
motorcycle,dobj,0.4262051788967397
motorcycle,pobj,0.36738949254395536
motorcycle,dobj,0.20542653554758628
motorcycle,dobj,0.35274682915096056
dog,ROOT,0.3717741976862585
dog,ROOT,0.3744753381441118
dog,nsubj,0.3481873830878508
dog,nsubj,0.43244278973567984
dog,ROOT,0.4317579935384965
dog,ROOT,0.3855806110985744
dog,ROOT,0.4390896951041508
dog,ROOT,0.4980906399052777
dog,ROOT,0.3856829852910969
dog,ROOT,0.7069820297009168
baby,compound,0.01620126858427373
zebra,pobj,0.9498441171444264
zebra,nmod,0.903562779017776
baby,compound,0.004322616995193207
zebra,pobj,0.060505266145097325
zebra,conj,0.02814812100377595
baby,compound,0.01749262687672104
zebra,nsubj,0.7962649248062614
baby,nsubjpass,0.03179463518359904
zebra,aux,0.954017414120168
zebra,nsubj,0.6037525118438563
zebra,ROOT,0.639844776481971
zebra,amod,0.3708360190447007
zebra,amod,0.585306612350658
zebra,pobj,0.2425276306403743
zebra,nummod,0.8097269294343555
bananas,conj,0.04567260355191871
bananas,pobj,0.2347657071477013
bananas,pobj,0.08009113670504307
bananas,pobj,0.12063204397725626
bananas,compound,0.11849965773009676
bananas,pobj,0.21879866327221165
bananas,pobj,0.3503494360026789
bananas,nsubj,0.2458181336520036
bananas,nsubj,0.24327550927954
bananas,dobj,0.4210081187967365
bananas,pobj,0.6005111882688361
bananas,pobj,0.17773764135821768
bananas,pobj,0.4425225534997346
laptop,dobj,0.06764521317467652
laptop,pobj,0.20295738364629726
laptop,dobj,0.0541962983578167
laptop,pobj,0.4299141126793488
laptop,compound,0.07743694718302863
laptop,dobj,0.4960726177050442
laptop,pobj,0.7890239850330485
laptop,pobj,0.04407573959114064
clock,compound,0.012877175956493849
clock,pobj,0.016019658115546176
clock,nsubj,0.33810465496001013
clock,compound,0.056450011024204
clock,compound,0.05652651294153532
bananas,pobj,0.17819586155816994
bananas,pobj,0.5021648580449285
bananas,pobj,0.7298216557556138
bananas,nsubj,0.479619284592017
laptop,compound,0.024563750365218736
laptop,pobj,0.08781084806794259
laptop,compound,0.03936281305693501
laptop,nmod,0.12676788494702027
laptop,ROOT,0.06928250357542565
laptop,compound,0.026497923304646728
laptop,pobj,0.19597143778678894
laptop,conj,0.07223069787264792
motorcycle,compound,0.14156341890662338
baby,pobj,0.1819693802393556
bananas,pobj,0.594779134097515
bananas,dobj||xcomp,0.6003925564568917
bananas,pobj,0.5560434793053055
bananas,pobj,0.4927803483406951
laptop,pobj,0.12456051496633502
laptop,dobj,0.11783209211439248
laptop,pobj,0.23441319126022586
laptop,compound,0.06627960526276844
baby,compound,0.03224726427860969
baby,compound,0.03438404678900209
dog,ROOT,0.3848627541079445
dog,nsubj,0.26070754530473733
dog,nsubj,0.3046121986306852
dog,ROOT,0.3921207090102747
dog,ROOT,0.548606519469006
baby,ROOT,0.39433886155070974
baby,ROOT,0.3358688231283633
baby,ROOT,0.3896211175144869
baby,ROOT,0.4258896498409194
baby,ROOT,0.3429252537007333
zebra,ROOT,0.014593534129892503
baby,conj,0.01947278976420075
zebra,conj,0.015166801737152012
baby,conj,0.0180672217429596
zebra,nmod,0.5545924311528772
bananas,pobj,0.5627513013265043
bananas,pobj,0.19673624417078128
bananas,dobj,0.2575003173092729
bananas,compound,0.5988596351295922
bananas,pobj,0.5544640882384473
bananas,nsubj,0.8890476439293202
bananas,pobj,0.5037072560218996
bananas,ROOT,0.6930234380179324
clock,appos,0.22710152239077866
bananas,conj,0.11050367928692784
dog,dobj,0.059795410505633084
dog,dobj,0.08163891989820758
dog,dobj,0.10577615617536773
laptop,pobj,0.4936293874783877
laptop,compound,0.07340157820941795
clock,attr,0.6959418860168457
clock,ROOT,0.37820577598164784
clock,nsubj,0.3425115433683751
clock,ROOT,0.18792320501822776
clock,ROOT,0.4690369640919767
baby,ROOT,0.4174141775802137
baby,ROOT,0.4722779926420164
baby,ROOT,0.1178601809342319
baby,compound,0.060553262842312876
baby,nsubj,0.37588846803917175
dog,dobj,0.1722513029414372
dog,dobj,0.2824189264107909
dog,dobj,0.33444454073974195
dog,dobj,0.09357450633856056
baby,compound,0.0941522206819696
baby,compound,0.010578951567792871
dog,pobj,0.018793043831728973
dog,ROOT,0.6577822509442066
laptop,conj,0.044407850097124
laptop,conj,0.08093171176309466
laptop,amod,0.059050265131427186
laptop,pobj,0.054315906622081196
dog,ROOT,0.2730203513774445
dog,attr,0.7170874615605898
dog,ROOT,0.5495056644266254
dog,ROOT,0.1811867110243388
dog,ROOT,0.6429288308679662
dog,ROOT,0.30543794688612025
dog,nsubj,0.4335346497634396
dog,nsubj,0.6417978120603702
dog,attr,0.6874420902113249
dog,nsubj,0.0666137313136409
dog,nsubj,0.5158619700007141
dog,pobj,0.3496286964822985
dog,ROOT,0.4879100732661797
dog,pobj,0.4353237497863752
dog,ROOT,0.4307586335814401
dog,ROOT,0.3328987217391195
dog,nsubj,0.3247547703618168
dog,ROOT,0.35191770313027704
dog,nsubj,0.3727401508525792
dog,ROOT,0.5469892153871272
dog,pobj,0.4471544735887741
laptop,pobj,0.3827136081917689
laptop,pobj,0.4597405987281198
laptop,dobj,0.3745874944989529
zebra,pobj,0.3241537287974188
bananas,dobj,0.5340733889124436
bananas,nsubjpass,0.5533121572342308
bananas,pobj,0.6566262545896446
bananas,pobj,0.473269015779375
bananas,pobj,0.5936671964039064
bananas,pobj,0.4992141001684206
bananas,pobj,0.4808296527151363
bananas,pobj,0.4222113236595421
laptop,pobj,0.1132258803438002
laptop,conj,0.1423076603575677
laptop,compound,0.019783865584313328
laptop,compound,0.035382482709737095
laptop,compound,0.03502296410364303
dog,pobj,0.023235974159727446
dog,dobj,0.015565244430988057
dog,dobj,0.10427034711497984
dog,dobj,0.04741018939222629
bananas,pobj,0.1528678995598962
dog,dobj,0.030876005118551264
dog,dobj,0.011719472478500135
dog,dobj,0.16287349378272564
dog,dobj,0.049675761626222566
baby,compound,0.139518603579882
dog,pobj,0.4342193400533281
dog,dobj,0.4646198601232148
dog,pobj,0.6539399156463802
dog,pobj,0.2948192575390981
dog,conj,0.1370850761275043
dog,nsubj,0.2916244418170081
dog,conj,0.3242298916121632
clock,compound,0.02583530716738136
dog,ROOT,0.33488517637577986
dog,ROOT,0.2949977256294541
dog,conj,0.18687645663079844
dog,ROOT,0.4248212769596805
dog,nsubj,0.15802659017607024
baby,compound,0.01613066721992862
baby,compound,0.034486233700599334
dog,nsubj,0.6331267311793771
dog,ROOT,0.30231266126008005
dog,compound,0.030013312294060457
dog,nsubj,0.2408555970673655
zebra,amod,0.6898819513077656
dog,dobj,0.08099571099202696
clock,nsubj,0.5592213846433758
clock,ROOT,0.2824925545847362
clock,nsubj,0.35274679699962674
clock,compound,0.4123264594442355
clock,nsubj,0.16843935133587196
clock,pobj,0.3146267412602847
clock,nsubj,0.6788066966187076
clock,pobj,0.17762822090386332
clock,ROOT,0.4844809557410513
clock,conj,0.19663627633459813
clock,compound,0.047702591187308685
clock,pobj,0.07167083312191547
clock,nsubj,0.5266349950226166
clock,compound,0.06779927490512584
clock,compound,0.11263211780192806
clock,compound,0.04318795082364946
dog,ROOT,0.3692295042676076
dog,dobj,0.2932746827569703
dog,nsubj,0.4041510679144151
dog,ROOT,0.4756998111421368
dog,nsubj,0.36973787917810186
motorcycle,pobj,0.4039165376157601
motorcycle,dobj,0.22389686245310148
motorcycle,pobj,0.6412780665629583
motorcycle,pobj,0.6706986883291843
motorcycle,pobj,0.4467811800941917
clock,pobj,0.18265006880135948
clock,dobj,0.06948121724734456
clock,pobj,0.02683743169952435
clock,conj,0.07756235760937424
laptop,conj,0.01728846509498061
clock,pobj,0.024455920990689047
clock,nsubj,0.2694498358006721
clock,pobj,0.044203379155654525
clock,compound,0.15764403494895352
zebra,amod,0.2619639630978655
zebra,amod,0.2839025476247373
zebra,amod,0.29989367471682504
zebra,amod,0.2869921057631857
dog,pobj,0.34082855087843944
baby,pobj,0.10134603154416433
dog,ROOT,0.38670100109621264
dog,ROOT,0.5118606462918418
dog,ROOT,0.5158668738517997
dog,nsubj,0.4718457552190453
dog,pobj,0.2547250592951589
dog,ROOT,0.34827316817840404
dog,ROOT,0.17335268319362762
dog,ROOT,0.44157019892964455
dog,compound,0.29623736080989194
dog,ROOT,0.20525720739446
dog,ROOT,0.4158050014488873
dog,ROOT,0.20490406540041428
dog,nsubj,0.7573548230447296
dog,ROOT,0.5885039147689446
dog,ROOT,0.3530273903143953
dog,nsubj,0.633413012063158
dog,nsubj,0.5500172578745184
dog,nsubj,0.43273149419117457
dog,ROOT,0.4140002057449012
dog,pobj,0.4046241719287856
dog,conj,0.3044150002812581
dog,pobj,0.4667462202661354
dog,pobj,0.5158728164902273
dog,pobj,0.4559934155747065
dog,pobj,0.26318163930271665
dog,ROOT,0.21003568033210707
dog,conj,0.4154961397967003
dog,pobj,0.3336721969516693
dog,conj,0.22551609808163145
bananas,dobj,0.1229023789224275
dog,dobj,0.15336419568751047
baby,nsubj,0.4362060839377204
baby,ROOT,0.2425570483037504
baby,ROOT,0.3739598692935733
baby,nsubj,0.3182349063561805
baby,ROOT,0.06240128268229895
dog,ROOT,0.2724166469613793
laptop,ROOT,0.3923409254850503
laptop,compound,0.03994221322236224
laptop,nsubjpass,0.21316200522197012
laptop,compound,0.03608438648175283
laptop,ROOT,0.2315012033790516
clock,conj,0.23532250188312756
clock,compound,0.06271557850329401
clock,compound,0.040756816074143935
clock,compound,0.03557894209012635
clock,compound,0.053492686150875435
clock,ROOT,0.4664001146423794
dog,conj,0.2401268499884459
dog,pobj,0.1304065912508553
dog,conj,0.2476034016647587
dog,pobj,0.21879279233777715
dog,conj,0.19632099558594165
laptop,attr,0.08811812788192752
laptop,amod,0.04050639639533527
laptop,pobj,0.0430996531790544
bananas,conj,0.25936001676501785
bananas,conj,0.11832164372371845
bananas,pobj,0.05691830586780911
laptop,pobj,0.07624045142148515
laptop,pobj,0.2000815920476312
laptop,pobj,0.3053969861789092
laptop,pobj,0.2514388100540742
laptop,compound,0.08444151908036125
baby,compound,0.017966548064752397
baby,compound,0.014544288815913409
baby,compound,0.025484141897483603
baby,compound,0.04045178852325781
laptop,compound,0.049479596193988895
laptop,compound,0.04752514053235013
laptop,pobj,0.3281050132309761
laptop,pobj,0.39271937871136575
baby,compound,0.012546163989676562
baby,compound,0.008340088911025445
baby,conj,0.00900992212463958
baby,compound,0.006113406346609396
baby,conj,0.010448004133840729
dog,ROOT,0.465680930641447
dog,ROOT,0.3093536315563675
dog,nsubj,0.189877737917724
dog,ROOT,0.5060770957489819
dog,nsubj,0.4925704199494945
zebra,amod,0.4387223279960786
zebra,ROOT,0.5697939261531856
zebra,ROOT,0.7618851289267848
zebra,nsubj,0.700803160643589
zebra,amod,0.6711765727306962
dog,conj,0.17241754867665948
zebra,appos,0.6439974392149413
zebra,amod,0.6657136744886265
zebra,nsubj,0.622075570260658
zebra,nsubj,0.6309396148721687
zebra,amod,0.6567498602286148
zebra,ROOT,0.5087530759443912
zebra,nsubj,0.6646608309037758
zebra,nsubj,0.694711177987596
zebra,nsubj,0.8106461525734355
zebra,amod,0.7170005686237317
laptop,compound,0.06875912744385759
laptop,pobj,0.07298337024308243
laptop,compound,0.011020120401733169
laptop,conj,0.048167885007523774
laptop,pobj,0.043140591810768236
clock,ROOT,0.4882978249555114
clock,nsubj,0.5630568070810211
clock,nsubj,0.3357876903741677
clock,ROOT,0.4120500022836491
clock,pobj,0.5430371212323865
clock,compound,0.01986890307741951
clock,compound,0.2661243676514557
clock,compound,0.1015072232585067
clock,compound,0.0877310670173699
clock,compound,0.04940823396571537
clock,compound,0.06351938228062559
clock,dobj,0.07893837024240491
clock,pobj,0.0199563155828274
clock,pobj,0.01897734892244429
motorcycle,pobj,0.2703230666655385
motorcycle,conj,0.20810542107766306
motorcycle,pobj,0.2011847373908092
motorcycle,dobj,0.4248623871090293
motorcycle,pobj,0.38664164927868017
motorcycle,pobj,0.8883671978475286
motorcycle,pobj,0.5738793779207079
motorcycle,pobj,0.13604058283443188
motorcycle,pobj,0.034535709568264905
motorcycle,attr,0.43287870180317534
motorcycle,ROOT,0.7839740287374096
motorcycle,pobj,0.4138205280987581
motorcycle,pobj,0.5918009342905222
motorcycle,ROOT,0.7722008386185152
dog,ROOT,0.1408380264286917
dog,ROOT,0.09678063974040928
dog,nmod,0.09100168531809537
dog,nsubj,0.23263410095257556
dog,compound,0.12970892511325446
zebra,ROOT,0.1358773773062394
laptop,pobj,0.16010295282579268
laptop,compound,0.04480037545668214
laptop,pobj,0.19155324950343425
laptop,pobj,0.05485276678552065
baby,compound,0.02719926379054793
dog,ROOT,0.347064173580763
dog,nsubj,0.2742752502260516
dog,nsubj,0.21090702334773725
dog,ROOT,0.31351969471132224
dog,ROOT,0.3049274463062557
baby,compound,0.05302790787092549
zebra,advmod,0.4537165310053537
zebra,pobj,0.7384408594608259
zebra,ROOT,0.6666267931092877
zebra,dep,0.019310087537727002
baby,pobj,0.005464994738306417
zebra,relcl,0.007327796728532455
baby,nsubj,0.016325085090728275
zebra,ROOT,0.9315954542656684
zebra,nsubj,0.3983072029551308
zebra,nsubj,0.41375431664504053
zebra,ROOT,0.6904988347146082
zebra,nsubj,0.921802069480712
zebra,amod,0.7378239135742755
zebra,amod,0.8135631966348202
zebra,ROOT,0.819032871983804
bananas,dobj,0.4044530935872375
bananas,dobj,0.3022488880190349
bananas,pobj,0.39723409451058267
bananas,pobj,0.4739230920361714
bananas,pobj,0.4739230920361714
laptop,compound,0.025957147554736548
laptop,conj,0.024539184444355988
laptop,pobj,0.029612451620031007
clock,compound,0.08353906018750157
clock,compound,0.032069648492920926
clock,compound,0.02816448103182378
clock,ROOT,0.7465088405618054
clock,dobj,0.16925205223785003
clock,nsubj,0.26286101513742954
clock,pobj,0.19162482563022507
clock,pobj,0.5561841959899354
clock,compound,0.01977679415601841
clock,pobj,0.01522299157418161
clock,compound,0.11648464063512445
clock,compound,0.056441518172026924
clock,compound,0.05393627301553827
clock,attr,0.3881289844591924
clock,ROOT,0.3714093154659687
clock,nsubjpass,0.3574741947329736
clock,nsubj,0.6021057064424151
clock,ROOT,0.4784123618330314
clock,nsubj,0.4645346574466514
clock,compound,0.05776839660403444
clock,ROOT,0.4348549573418997
clock,nsubjpass,0.597555979799195
clock,pobj,0.13046266814617066
motorcycle,ROOT,0.577512234058412
motorcycle,compound,0.37273660951472265
motorcycle,dobj,0.6134879533481399
dog,conj,0.05102776273278909
motorcycle,ROOT,0.7236233603497259
motorcycle,ROOT,0.7159451981504741
dog,pobj,0.2574823309422833
dog,pobj,0.11167506225196823
dog,pobj,0.2906441691935596
dog,dobj,0.14941889075793446
dog,nsubj,0.6911515218317338
dog,nsubj,0.5254994546411961
dog,ROOT,0.8239899892884656
dog,nsubj,0.15652257001836056
dog,compound,0.01629743785847304
dog,nsubj,0.6944276769268576
dog,pobj,0.2455476290112457
dog,ROOT,0.6298578440671257
dog,nsubj,0.08922999527173325
dog,compound,0.023831689179925508
dog,ROOT,0.6993982885796293
dog,ROOT,0.5174322094048432
dog,ROOT,0.3204688440298633
dog,compound,0.6376672263397505
dog,nsubj,0.3492755856053903
dog,ROOT,0.3730838747174695
dog,nsubj,0.68402003641644
zebra,ROOT,0.798371782196633
zebra,amod,0.6381003585932705
zebra,ROOT,0.793238143074825
zebra,ROOT,0.6483099747360103
zebra,nsubj,0.806862160214655
zebra,ROOT,0.5453279122583156
clock,pobj,0.17236642053843845
clock,ROOT,0.1625963661794474
clock,ROOT,0.3414389289956721
clock,nsubj,0.2765173136949484
clock,ROOT,0.35144622851579044
baby,conj,0.097799285523248
baby,pobj,0.239253160723098
baby,ROOT,0.24190986258223726
baby,nsubj,0.5514035604113103
baby,nsubj,0.3709011224513176
clock,compound,0.01584496664539059
clock,compound,0.16761806364825327
clock,compound,0.05659003310407373
clock,compound,0.08158513109424537
clock,ROOT,0.4189563980611685
clock,pobj,0.3400582882357073
clock,pobj,0.03638224395597689
clock,pobj,0.6997301507864025
clock,attr,0.37980228984766695
clock,conj,0.16339323266414796
clock,nsubj,0.4493140909807718
clock,pobj,0.17910233947788012
clock,attr,0.3570172331814836
motorcycle,compound,0.3863703848537019
clock,nsubj,0.11905286439704997
dog,ROOT,0.2262562024810587
dog,nsubj,0.16115281515970192
dog,ROOT,0.30260218907028
dog,ROOT,0.2262562024810587
dog,ROOT,0.08019491566620807
motorcycle,ROOT,0.584965883482774
motorcycle,nsubjpass,0.3625284787041797
motorcycle,ROOT,0.9070680377332558
motorcycle,ROOT,0.29122720361838933
motorcycle,nsubjpass,0.7849718458404045
clock,conj,0.32689629679824783
clock,ROOT,0.3873558943458132
clock,dobj,0.3768014676831508
clock,pobj,0.3470935911553017
zebra,amod,0.2488288448678573
zebra,conj,0.305011399327519
zebra,conj,0.2454151904082118
zebra,aux,0.25837710851641515
zebra,conj,0.2724556301768337
baby,compound,0.1492593688508187
dog,nsubj,0.2749520400276081
dog,conj,0.2305080713644309
dog,nsubj,0.3804542918558884
dog,pobj,0.1405954355985094
dog,ROOT,0.30455286475521187
laptop,pobj,0.24688806698110374
laptop,compound,0.05629953772279539
laptop,amod,0.04576319136996943
laptop,compound,0.22257028627984327
laptop,compound,0.2263919684047451
baby,compound,0.14353258589060025
dog,nsubj,0.5468916770031005
dog,ROOT,0.572732267133732
dog,ROOT,0.4755383829959616
dog,ROOT,0.4580966121346293
dog,ROOT,0.5270728529096789
dog,ROOT,0.5208738795875631
dog,nsubj,0.5569223653841162
zebra,ROOT,0.7108110699225731
zebra,amod,0.8264780690125437
zebra,amod,0.7123647505759024
zebra,ROOT,0.8927351720465329
zebra,nsubj,0.926048200435712
zebra,nsubj,0.09136628096192533
zebra,nsubj,0.002917233961821864
zebra,ROOT,0.8247917265635458
zebra,ROOT,0.786471285869052
zebra,amod,0.8405349062130165
zebra,nsubj,0.7500432135125011
bananas,nsubjpass,0.058619296294943335
bananas,compound,0.02993380325645912
bananas,nsubj,0.1563935244090262
bananas,pobj,0.031887732462260954
bananas,attr,0.26734432392764873
bananas,conj,0.13714768134912958
bananas,pobj,0.12996804831023578
bananas,pobj,0.2467868925996509
bananas,nsubj,0.2505958377717503
laptop,nmod,0.4010978677386892
laptop,amod,0.086653867317936
laptop,amod,0.17101453278163206
laptop,compound,0.11000128655921892
laptop,nsubj,0.2291608074448941
laptop,ROOT,0.28408708251161413
laptop,pobj,0.16318396502715515
clock,dobj,0.5468836600077973
clock,pobj,0.10874793948530083
clock,ROOT,0.10451954437394327
clock,pobj,0.037793185415321055
clock,pobj,0.14243069206986236
clock,compound,0.03782249589553921
clock,compound,0.03350112326124566
clock,attr,0.056262331044258485
clock,compound,0.06406812153667972
baby,nsubj,0.2744813160465505
baby,ROOT,0.31017699859036985
baby,ROOT,0.3948696723754975
baby,ROOT,0.5660465839215654
clock,compound,0.05204377232701207
laptop,compound,0.06442847636924709
laptop,amod,0.19157293093077296
laptop,nsubj,0.17236250823245958
laptop,compound,0.057887385333123535
bananas,pobj,0.4008188719816892
bananas,dobj,0.1352067958938742
bananas,pobj,0.18458238631829016
bananas,pobj,0.3166867751094265
motorcycle,pobj,0.0622092680085804
baby,dobj,0.008059351957852678
dog,compound,0.010926681005941295
baby,compound,0.005370736287390821
dog,dobj,0.12873951223944868
dog,ROOT,0.6088299787736529
dog,nsubj,0.5718954951521631
dog,nsubj,0.6246485857849082
dog,pobj,0.11961053914679852
dog,compound,0.10457306873884364
dog,pobj,0.08072673328486923
dog,conj,0.09263437997705336
dog,conj,0.16379197212275132
dog,nsubj,0.3944087693690285
dog,nsubj,0.4104473160815264
dog,ROOT,0.29322238154173014
dog,ROOT,0.38029468701353936
dog,nsubj,0.37857579366262784
dog,compound,0.10823115922352923
dog,pobj,0.21903350233601074
dog,conj,0.04188071530213711
bananas,nmod,0.060241059493318476
bananas,pobj,0.08593706713879434
bananas,conj,0.1140257245582712
bananas,pobj,0.34607927586454423
bananas,pobj,0.3857368437291265
clock,ROOT,0.2287874958056192
clock,attr,0.5912264810602521
clock,ROOT,0.2710068220275048
clock,ROOT,0.12008944774699615
clock,ROOT,0.3188550930554613
clock,pobj,0.3546159900378357
clock,compound,0.04219156533531554
clock,attr,0.7836095781588845
clock,pobj,0.7596245642947352
clock,nsubj,0.4440363465677608
clock,nsubjpass,0.6201311558431489
clock,ROOT,0.702509429956644
laptop,pobj,0.38137877937676135
laptop,pobj,0.5088109877936416
laptop,pobj,0.37620367593068027
laptop,pobj,0.29281964177368913
laptop,pobj,0.2725846182585783
clock,compound,0.04621461495127432
clock,dobj,0.046777087133850974
clock,compound,0.09483332426695955
clock,pobj,0.18381203716343109
clock,pobj,0.7074430130802484
clock,compound,0.17341571154923385
clock,conj,0.10325643793384688
clock,compound,0.2470592873689601
clock,compound,0.5732093166436716
clock,attr,0.0938095966686564
clock,ROOT,0.36655894432490255
clock,nsubj,0.3663394913061154
clock,ROOT,0.5494671094238933
clock,pobj,0.6574875545040001
clock,pobj,0.02562152540355556
clock,compound,0.13594024511647207
clock,ROOT,0.2387473453244273
clock,compound,0.030386948204110805
clock,compound,0.022129683171856814
clock,ROOT,0.6197363708875262
clock,nsubj,0.5439016928880007
clock,nsubj,0.5709989953243235
clock,ROOT,0.296760502489157
clock,nsubj,0.820329736511303
motorcycle,dobj,0.7124352757682767
motorcycle,pobj,0.4716872427141433
motorcycle,ROOT,0.6565216676112678
motorcycle,pobj,0.5391480659685495
motorcycle,pobj,0.4833226781105116
motorcycle,ROOT,0.6429954088144718
motorcycle,ROOT,0.6334859183707341
motorcycle,pobj,0.04252424904309238
motorcycle,pobj,0.13179830995596475
motorcycle,pobj,0.7173223146409344
motorcycle,compound,0.7198475829805373
motorcycle,pobj,0.5898468596247195
motorcycle,pobj,0.6441288179918305
motorcycle,ROOT,0.4122786495175445
motorcycle,pobj,0.4573674844611395
motorcycle,pobj,0.516557538415334
motorcycle,pobj,0.4888770436940967
motorcycle,pobj,0.8582175639710693
motorcycle,pobj,0.757169036347579
motorcycle,dobj,0.45235500045942606
motorcycle,dobj,0.293866603371704
motorcycle,pobj,0.2348251990801624
motorcycle,nsubj,0.7273240887333254
motorcycle,pobj,0.7068358660985335
motorcycle,pobj,0.6282005917499986
motorcycle,pobj,0.8357147776438258
motorcycle,pobj,0.5761075920584111
motorcycle,dobj,0.4108843455712149
motorcycle,pobj,0.5989627191378791
motorcycle,pobj,0.7486900478351074
motorcycle,pobj,0.6746426675227706
motorcycle,compound,0.13923717132084726
motorcycle,pobj,0.3676961320144316
motorcycle,pobj,0.29031537769175475
motorcycle,pobj,0.6127850396574228
motorcycle,pobj,0.1401928628536656
motorcycle,pobj,0.4792756868239274
dog,ROOT,0.12435839876598298
dog,pobj,0.22225441411912672
dog,pobj,0.08004303338467389
dog,pobj,0.7933335765403552
dog,conj,0.2456708047422118
dog,conj,0.21042012123732776
dog,ROOT,0.5389881764133004
dog,pobj,0.491896711871416
dog,pobj,0.488204280065044
dog,conj,0.2485134335842727
dog,pobj,0.34221508960065594
motorcycle,conj,0.16377945799353466
laptop,pobj,0.3871323074987541
dog,ROOT,0.7718200910391939
baby,dobj,0.07377300275059384
dog,pobj,0.047175688477292484
baby,pobj,0.18496719081029145
dog,nsubj,0.4871130273728895
dog,conj,0.3039748621364753
dog,nsubj,0.6932246955326437
baby,compound,0.05211125600845768
dog,ROOT,0.33308057523776624
dog,ROOT,0.44525120496555504
dog,ROOT,0.6203036522558838
dog,nsubj,0.3723840237242005
dog,ROOT,0.4909715847022626
baby,compound,0.03924286741586969
baby,compound,0.038361570100869165
baby,compound,0.02084868997244493
baby,amod,0.08823233459797597
dog,ROOT,0.6630490392766434
dog,nsubj,0.19238340093664447
dog,nsubj,0.41524695568949027
dog,nsubj,0.6930169342928303
dog,nsubj,0.3851669027314464
dog,compound,0.0399952497937438
dog,dobj,0.1520052842180427
dog,ROOT,0.6654516684951851
dog,ROOT,0.5967135297627639
dog,ROOT,0.6937412490400598
dog,pobj,0.7683521171900942
dog,ROOT,0.5015663452750796
zebra,conj,0.7527863939867162
zebra,amod,0.6694298843924884
zebra,nsubj,0.8554543133246243
zebra,nsubj,0.7325779096791382
zebra,ROOT,0.6727611512903169
zebra,ROOT,0.635259515006825
zebra,amod,0.6719893875348788
zebra,amod,0.7821452089985794
zebra,amod,0.6302157592924893
zebra,ROOT,0.6896423448053781
zebra,pobj,0.7642662656401461
zebra,nsubj,0.15474293820541696
zebra,pobj,0.027834630319240827
zebra,appos,0.02912646092107518
zebra,amod,0.011624862922692714
zebra,ROOT,0.6515394748882567
zebra,ROOT,0.015257559080889773
zebra,amod,0.01196057832702768
zebra,amod,0.00731973828597654
laptop,pobj,0.011184873645468165
dog,nsubjpass,0.03544167694167644
dog,nsubjpass,0.015565183769174262
dog,nsubj,0.09154027053989966
dog,compound,0.0672750604338559
dog,dobj,0.051924339638139694
dog,ROOT,0.6145747920645679
dog,nsubj,0.6819382000340082
dog,nsubj,0.6394694790127713
dog,ROOT,0.5887999438999317
dog,ROOT,0.722178456740118
motorcycle,pobj,0.2268712162065585
laptop,pobj,0.03980117064960465
laptop,ROOT,0.2551482040243073
laptop,ROOT,0.150378968078548
laptop,nsubj,0.2638104998832068
laptop,nsubjpass,0.07077810131378925
clock,ROOT,0.29963591510360893
clock,ROOT,0.3835791330125066
clock,ROOT,0.17916677195383302
clock,conj,0.04563798166425692
clock,ROOT,0.15405220769583486
clock,conj,0.2765109050001252
clock,pobj,0.2648244840321843
clock,conj,0.2334652163712071
clock,conj,0.17818698147370082
clock,attr,0.3564957362144433
clock,ROOT,0.5172876709606768
clock,compound,0.1434639504295815
clock,compound,0.09992670711379549
motorcycle,compound,0.27019191257555186
motorcycle,pobj,0.4119036208740852
motorcycle,dobj,0.3718012332986783
motorcycle,pobj,0.2996642368529596
motorcycle,pobj,0.4362687287915503
motorcycle,pobj,0.4855193876168145
motorcycle,dobj,0.2254324876560002
motorcycle,dobj,0.5115394714547218
bananas,pobj,0.14033139817739734
bananas,pobj,0.0289586945505016
bananas,conj,0.2369597489134613
motorcycle,pobj,0.29703019703144384
motorcycle,pobj,0.3975238194318017
motorcycle,compound,0.024308186533019586
motorcycle,pobj,0.6232898508971328
motorcycle,compound,0.07456593107561027
motorcycle,compound,0.06806120351337652
dog,conj,0.0583627924727389
dog,conj,0.08815438222415606
dog,dative,0.05952915200663079
dog,pobj,0.2007665097140308
dog,dobj,0.02661476014188402
dog,pobj,0.15936881809932002
dog,pobj,0.06172851737338969
dog,dobj,0.06761750372184228
dog,dobj,0.42594572229194
dog,dobj,0.33401395280196056
dog,dobj,0.16585516289185884
dog,dobj,0.2623179076340973
dog,dobj,0.13359487776876144
zebra,ROOT,0.7751124689959329
bananas,nsubj,0.8073643485989987
bananas,pobj,0.7450224034914931
bananas,pobj,0.4913549788979818
bananas,pobj,0.31374334275818416
bananas,pobj,0.3001466664212772
bananas,pobj,0.3742584182172064
bananas,pobj,0.5059470182734729
bananas,dobj,0.13678520828825658
bananas,pobj,0.13508990002114707
bananas,pobj,0.1818835967036916
bananas,pobj,0.6571672681227962
bananas,pobj,0.4624987949752573
bananas,pobj,0.43926205876979213
bananas,pobj,0.7679598499963054
bananas,pobj,0.6435349597899078
clock,pobj,0.0672371996329858
clock,pobj,0.2599533773194649
clock,nsubj,0.21000250636262952
clock,nsubj,0.491355319022897
clock,ROOT,0.4786663126184305
clock,ROOT,0.5110749993132777
clock,ROOT,0.18666290354047446
laptop,pobj,0.7208015179060734
laptop,amod,0.028737964232582455
laptop,compound,0.0235502521678318
clock,pobj,0.42944445077497895
clock,conj,0.20543613785486012
clock,pobj,0.20782945663389016
clock,pobj,0.3703475848349306
clock,pobj,0.2445481895735061
clock,nsubj,0.16919460846927134
clock,compound,0.08210311396920589
clock,nsubj,0.03640712851282391
clock,pobj,0.011974930631834637
clock,ROOT,0.4132171802594392
clock,ROOT,0.26947142728544515
clock,nsubj,0.5437165562132134
clock,ROOT,0.6663769685262122
clock,pobj,0.3034960435610522
clock,pobj,0.4188668378859543
motorcycle,pobj,0.8036891247192259
motorcycle,nsubj,0.4667010001140971
motorcycle,pobj,0.5587709011195912
motorcycle,pobj,0.8292052095231658
laptop,compound,0.01116162148637867
laptop,pobj,0.023988471679796453
bananas,dobj,0.2496871100364637
bananas,pobj,0.5551528450454024
bananas,pobj,0.2684706162958619
bananas,pobj,0.3924636333431623
bananas,pobj,0.5224564930693871
clock,pobj,0.3916394238706733
clock,pobj,0.2399805358894278
clock,nsubj,0.7393265482055016
clock,ROOT,0.4288669204265797
laptop,amod,0.03319083070851914
laptop,pobj,0.10396138173250756
laptop,pobj,0.07528665863586324
laptop,pobj,0.2319312794354416
laptop,compound,0.04743706407695447
dog,nsubj,0.4392890940931743
baby,compound,0.0051673603303241675
dog,ROOT,0.4000932190793087
dog,pobj,0.3016816712693385
dog,ROOT,0.11061889393895752
dog,pobj,0.10198548639741388
dog,pobj,0.11495498546474815
dog,ROOT,0.36036209599875296
dog,pobj,0.2382899968035105
dog,nsubj,0.21332009145865627
dog,pobj,0.17257466588000914
dog,nsubj,0.23319509122413615
dog,nsubj,0.4869840081926821
dog,conj,0.15561472143225308
dog,dobj,0.4914115130208825
dog,pobj,0.20945176816850294
dog,conj,0.20436655575091534
dog,ROOT,0.5826584412987487
dog,compound,0.6462484854068175
dog,ROOT,0.5065686539207176
dog,nsubj,0.6261074256070998
dog,ROOT,0.6071831492737494
zebra,ROOT,0.5583834496860224
zebra,pobj,0.14904489154165154
baby,compound,0.0037965919699431967
zebra,advcl,0.013295239985558038
zebra,pobj,0.6978832751684192
zebra,ROOT,0.5800221905421277
zebra,nsubj,0.8212002605991618
zebra,amod,0.3200077008636807
zebra,attr,0.764476300346524
zebra,ROOT,0.7266627951707979
baby,nsubj,0.013118554477386746
zebra,ROOT,0.7558380452230778
zebra,amod,0.6099748033132149
zebra,nsubj,0.6679884577604915
zebra,pobj,0.37367443513171056
dog,ROOT,0.019826712686757286
dog,nsubj,0.05066030885605111
dog,nsubjpass,0.05081342905124819
baby,attr,0.5793062309584067
laptop,conj,0.01115146434534542
laptop,ROOT,0.605065661956425
laptop,compound,0.10761664999354524
laptop,ROOT,0.259949776608131
laptop,pobj,0.515848081364793
laptop,compound,0.008648460440565444
laptop,pobj,0.013743057274154813
laptop,compound,0.03304562338885497
clock,ROOT,0.2285496972788271
clock,nsubj,0.3745417408139101
clock,ROOT,0.2953232558588389
clock,ROOT,0.29963591510360893
clock,pobj,0.01786474215869494
clock,compound,0.01249472471623003
clock,compound,0.24795656077591444
clock,compound,0.07015326638835329
clock,npadvmod,0.09794646985642384
clock,dobj,0.4383073707427303
motorcycle,pobj,0.6653144419353118
motorcycle,dobj,0.5177248255443547
motorcycle,dobj,0.7152775583651726
motorcycle,dobj,0.4157944292382031
dog,dobj,0.3432243008690691
dog,dobj,0.0784991104930094
dog,dobj,0.20919280307288304
dog,pobj,0.21492625674627985
dog,conj,0.06273528197240708
motorcycle,pobj,0.3951904562473039
motorcycle,dobj,0.5381887246063968
motorcycle,dobj,0.6865887886543434
dog,compound,0.08406768406864096
dog,ROOT,0.39806247422354535
dog,ROOT,0.3365061312500456
dog,ROOT,0.037487994933881115
dog,compound,0.041538130115949534
dog,ROOT,0.4071676122175848
zebra,pobj,0.7915728483077886
dog,ROOT,0.0476137123043705
dog,ROOT,0.09237013109879075
dog,ROOT,0.1135186637358312
clock,nsubj,0.7765899430564877
clock,ROOT,0.4084980445102079
clock,pobj,0.6497281769659176
clock,ROOT,0.813358386126681
clock,ROOT,0.4818243857614877
clock,pobj,0.789233972176505
clock,nsubj,0.3802609416304776
clock,compound,0.05737009473833199
clock,pobj,0.15459673494341553
clock,conj,0.17848830336852586
clock,dobj,0.10277429542462446
clock,pobj,0.16577978201525445
clock,ROOT,0.4964955000040716
clock,ROOT,0.6363984240679761
clock,ROOT,0.7026724701151406
clock,ROOT,0.6476005005977438
clock,nsubj,0.3685740031881296
clock,compound,0.1189443143259742
clock,conj,0.4445955420279467
clock,nsubj,0.40694275169783783
laptop,conj,0.008814725830615598
laptop,compound,0.016206785181388742
dog,nsubj,0.17521532629447356
clock,dobj,0.0452454891763292
clock,compound,0.05037676023139104
clock,pobj,0.01716569012263536
clock,compound,0.08625165140305258
clock,compound,0.04559042990739404
clock,compound,0.020060267843001186
clock,compound,0.06405257359460781
clock,compound,0.011528143911250788
clock,compound,0.1359954713887792
clock,compound,0.029047985484787486
clock,conj,0.07257339255893691
bananas,compound,0.05415679955472985
dog,nsubj,0.0806218638094176
dog,compound,0.0424711765117336
dog,ROOT,0.06627712375169659
dog,compound,0.032359810456846994
dog,dobj,0.23136656966295574
dog,ROOT,0.4568357118627474
dog,ROOT,0.21686477967375928
motorcycle,pobj,0.7150906995257781
motorcycle,pobj,0.7423542115410069
motorcycle,pobj,0.6608772709808242
motorcycle,pobj,0.6587691613611659
motorcycle,pobj,0.7460913882800094
motorcycle,pobj,0.556852088749857
motorcycle,pobj,0.5800706697473018
motorcycle,pobj,0.6534340907855914
motorcycle,pobj,0.5365937245706608
motorcycle,pobj,0.6839087233744225
motorcycle,pobj,0.3183817619089445
motorcycle,dobj,0.374514356467504
motorcycle,attr,0.7414551309712103
motorcycle,dobj,0.5961498742455416
motorcycle,compound,0.471806781561673
motorcycle,pobj,0.6747111197550903
motorcycle,pobj,0.6134400126583615
baby,pobj,0.06351417681441407
motorcycle,dobj,0.5621670450720361
motorcycle,pobj,0.6036287808160498
motorcycle,dobj,0.587130271977772
laptop,pobj,0.4286345053057713
laptop,pobj,0.2120646927658469
laptop,dobj,0.36380484858530426
laptop,dobj,0.40872593124256784
baby,compound,0.04290841031852777
baby,compound,0.060218253196994476
clock,nsubj,0.29627747238799984
clock,compound,0.21933856550615816
clock,ROOT,0.7040582471089067
dog,dobj,0.10826565727596726
dog,dobj,0.363333696279872
dog,pobj,0.4216868360853904
dog,nsubj,0.4515773197372379
dog,nsubj,0.5473984685674055
dog,nsubj,0.6137619641574372
dog,ROOT,0.4485715368878371
dog,nsubj,0.5479146036653106
dog,nsubj,0.4538020215087678
dog,ROOT,0.4888855518735574
dog,nsubj,0.32419405411687213
dog,nsubj,0.8612835079130096
dog,ROOT,0.5171576233647869
dog,ROOT,0.460136027199191
dog,dobj,0.05580551696624281
dog,pobj,0.13380469002805484
dog,pobj,0.1518814399854207
dog,pobj,0.1871971351284233
dog,ROOT,0.5772625529944655
laptop,ROOT,0.24652480838837376
dog,conj,0.12439556859817967
laptop,nsubj,0.4362914291925689
dog,nsubj,0.10979065583890436
laptop,pobj,0.07763015360336212
dog,conj,0.10886253494231812
dog,ROOT,0.3770183252237685
laptop,preconj,0.13046215512555048
zebra,ROOT,0.8513942089742925
dog,dobj,0.02834266553387488
dog,compound,0.04032749581339389
dog,dobj,0.1621005873577832
dog,ROOT,0.15319742782920542
clock,conj,0.07430826376873145
clock,conj,0.13385778200721865
clock,pobj,0.17395734321524015
clock,pobj,0.2823750937331212
laptop,pobj,0.574156809054684
laptop,pobj,0.2370123360722125
baby,ROOT,0.19747052306878096
laptop,pobj,0.4576212420534866
laptop,pobj,0.2508048368220466
baby,compound,0.1602645235945187
laptop,pobj,0.3046777804567503
dog,ROOT,0.6845967313565535
dog,pobj,0.20994310657848225
dog,dobj,0.28686329097747243
dog,ROOT,0.6032673327079117
dog,ROOT,0.5355519026762514
clock,nsubjpass,0.4406605251734277
clock,ROOT,0.17504914681724604
clock,ROOT,0.5161144037213135
clock,pobj,0.2270493720640329
clock,nsubj,0.4191124213624533
laptop,conj,0.12046343736898554
laptop,pobj,0.07062388610649928
laptop,dobj,0.08926376361918918
clock,nsubj,0.033009838464131414
clock,ROOT,0.18712200975730864
clock,ROOT,0.06291990413964643
clock,ROOT,0.09974164479138868
clock,pobj,0.030420303637473837
bananas,pobj,0.138755485867193
bananas,compound,0.10203189093232956
motorcycle,pobj,0.7829302062716788
motorcycle,pobj,0.4503498514292225
zebra,amod,0.3562650709121814
zebra,conj,0.2412437104917385
zebra,nsubj,0.3725978084084409
zebra,ROOT,0.3096769062574959
zebra,ROOT,0.2821858741234047
dog,conj,0.09172399650599859
dog,pobj,0.26682271296898963
dog,pobj,0.1610129631724322
dog,pobj,0.17551922522603405
baby,dobj,0.5978935955099042
dog,pobj,0.5410924657868385
dog,dobj,0.3823541089649394
dog,dobj,0.5034749120173022
dog,dobj,0.4041911737333145
dog,dobj,0.44529397514424784
dog,ROOT,0.5996289029146957
dog,nsubj,0.5737103973895157
dog,ROOT,0.4604856234902536
dog,nsubj,0.4925917408744943
dog,ROOT,0.4912256045818261
baby,nsubj,0.342313160564787
dog,dobj,0.013438635601645266
dog,ROOT,0.05453251093377332
dog,compound,0.05563046351529122
dog,nsubj,0.04388193243531713
laptop,conj,0.019412449536520767
laptop,ROOT,0.04471061998009662
laptop,pobj,0.03353588340099156
clock,compound,0.04182655686576009
clock,nsubjpass,0.09277599683621263
clock,pobj,0.01250891678902344
clock,pobj,0.016858486697517328
motorcycle,pobj,0.6960283752067633
laptop,pobj,0.006488650820606568
laptop,ROOT,0.06990268637011032
laptop,conj,0.013017279732024156
dog,pobj,0.144548732749454
dog,nsubj,0.2586996382924469
dog,compound,0.25724768236044226
dog,ROOT,0.3101057350900057
dog,nsubj,0.1757688030000919
dog,conj,0.21945055245576228
dog,conj,0.30938793788245755
dog,dobj,0.22477522843166128
dog,dobj,0.19342950274678086
dog,appos,0.14605208025604133
bananas,pobj,0.08518491994372622
bananas,conj,0.061635865675642276
bananas,ROOT,0.05220878618207092
bananas,conj,0.09812963660858776
bananas,conj,0.07776831057305532
bananas,pobj,0.05499354543995128
bananas,pobj,0.32554314808161344
bananas,pobj,0.2666632674647158
bananas,pobj,0.11457395953245494
dog,nsubj,0.02838307987508082
dog,ROOT,0.02375178324046701
laptop,ROOT,0.16343226577092318
laptop,pobj,0.1450042817550692
laptop,compound,0.047463213113215434
laptop,dobj,0.16923624584895658
laptop,compound,0.03605748625901428
clock,pobj,0.1202214097942128
clock,nsubjpass,0.27608974520886354
clock,pobj,0.18127356434113173
clock,pobj,0.17276441371359585
laptop,compound,0.09436740082576356
laptop,pobj,0.2991660183898676
laptop,compound,0.10808373432129326
clock,compound,0.03645881865927292
clock,pobj,0.03205502964682705
clock,ROOT,0.3390013888528205
clock,ROOT,0.31902207358003976
clock,compound,0.1516434757276004
clock,ROOT,0.061110406533900985
clock,conj,0.16030379392119531
clock,nsubjpass,0.2248656256018895
baby,nsubj,0.21851687661739405
baby,ROOT,0.14014670894554904
clock,ROOT,0.5905323584839645
clock,nsubj,0.5303616894724082
clock,ROOT,0.5460406726348657
clock,ROOT,0.575495877235335
laptop,pobj,0.2886575057904537
laptop,dobj,0.4295733423347747
motorcycle,compound,0.4699573687092751
baby,nsubj,0.011607412600899036
baby,compound,0.005642225017557957
baby,compound,0.01895309182252658
baby,compound,0.014528907874322594
baby,compound,0.02284304836606477
baby,compound,0.015201631486365996
laptop,pobj,0.37835137619077414
laptop,pobj,0.3473468632164829
dog,ROOT,0.2668839513999529
dog,nsubj,0.3499838912177731
dog,ROOT,0.36076564639320696
dog,ROOT,0.20316652782280545
zebra,pobj,0.7185660178280086
zebra,nmod,0.01723743044554682
baby,compound,0.0018646017558221484
zebra,dobj,0.001619032632447892
zebra,nsubj,0.00013892701946627284
zebra,nsubj,0.0042054189524448615
zebra,pobj,0.4534845151598569
bananas,pobj,0.34291068794209634
bananas,pobj,0.0655710817732228
bananas,pobj,0.032094504224574605
bananas,pobj,0.0947395653219356
bananas,pobj,0.05437795441184656
laptop,pobj,0.011332323355663032
laptop,compound,0.024017581470495486
laptop,compound,0.017242730648937
laptop,nsubjpass,0.8036406053839822
clock,compound,0.018067201050203097
clock,ROOT,0.04540743596123475
clock,compound,0.03439930743449138
clock,pobj,0.273741924486006
clock,compound,0.07498044044459527
clock,ROOT,0.5453084781283517
clock,nsubj,0.7025550670586778
clock,pobj,0.7368330938187757
clock,compound,0.5927480629431199
clock,nsubj,0.6968876016779499
motorcycle,ROOT,0.6599589151271543
motorcycle,ROOT,0.6113586780824904
motorcycle,pobj,0.667180235923038
motorcycle,ROOT,0.6986351497610777
motorcycle,ROOT,0.05132006712403481
motorcycle,ROOT,0.2854692957137285
motorcycle,ROOT,0.5866647564395353
motorcycle,attr,0.6839327569975282
motorcycle,ROOT,0.7299615673703419
motorcycle,attr,0.6839327569975282
motorcycle,nsubj,0.7505408714682749
motorcycle,ROOT,0.7934309308656966
motorcycle,ROOT,0.7351796840149698
motorcycle,ROOT,0.5823488983478387
motorcycle,ROOT,0.5461397325267413
dog,ROOT,0.4775913880111593
dog,nsubj,0.7353976797425726
dog,ROOT,0.4555170730887815
dog,ROOT,0.2999851963454214
dog,ROOT,0.4847752359005826
zebra,nsubj,0.4699096163093686
zebra,pobj,0.7702080346283792
zebra,nummod,0.8109997880182287
zebra,nsubj,0.7247832419692206
zebra,pobj,0.6301821827241413
zebra,pobj,0.9498441171444264
zebra,ROOT,0.811684293567917
bananas,pobj,0.2593414003738487
bananas,pobj,0.24540502727791105
bananas,pobj,0.7833362789036774
bananas,pobj,0.6447826029471234
bananas,pobj,0.07438624538261251
bananas,pobj,0.04090613415596744
bananas,compound,0.156566545777184
bananas,dobj,0.17954232479394616
bananas,pobj,0.2559406829760804
baby,compound,0.034718522163235566
baby,conj,0.04929717649215837
laptop,conj,0.07354016079424275
laptop,pobj,0.07074100303647834
clock,compound,0.07321352438269278
clock,compound,0.096424512924972
clock,compound,0.19790779900716274
clock,compound,0.07921715039666644
clock,compound,0.016802391706974062
clock,compound,0.029338217056517624
clock,compound,0.14328059182195527
clock,compound,0.07360678383616615
clock,attr,0.1600421141579461
clock,dobj,0.3922571770131098
clock,ROOT,0.5635356829987203
clock,nsubj,0.8058097126972894
clock,ROOT,0.6435293689324981
clock,ROOT,0.41329639490667625
motorcycle,dobj,0.6279491775926783
motorcycle,dobj,0.3014649220315876
motorcycle,dobj,0.1337276680716737
motorcycle,dobj,0.4780134630782735
motorcycle,dobj,0.17345816424162308
motorcycle,attr,0.5113362235983901
motorcycle,ROOT,0.6226088002446621
motorcycle,ROOT,0.5668432448788555
motorcycle,ROOT,0.6660314757964407
motorcycle,ROOT,0.2744214206538065
motorcycle,pobj,0.4905132063407528
motorcycle,pobj,0.7878571886291722
motorcycle,pobj,0.07133543877694293
motorcycle,pobj,0.3610335854763348
motorcycle,compound,0.014015367978234885
baby,compound,0.04451625144783766
laptop,pobj,0.050026433764160494
laptop,pobj,0.2332389759668145
laptop,compound,0.03343128526660177
laptop,ROOT,0.43383977540128105
laptop,compound,0.01138763809959098
laptop,conj,0.09080732362043967
laptop,conj,0.01645901103385239
dog,ROOT,0.5037986799558514
dog,nsubj,0.5037346586816258
dog,ROOT,0.542886871189352
dog,ROOT,0.42233877854346735
dog,ROOT,0.07029645775212312
dog,compound,0.022338441441737026
dog,dobj,0.707921228194173
dog,nsubj,0.5011993678775826
dog,nsubj,0.6368800101579603
dog,nsubj,0.2555692571257059
dog,ROOT,0.3501138755267744
zebra,ROOT,0.6911401021291131
zebra,amod,0.8012727937290278
zebra,amod,0.7691518335568182
zebra,ROOT,0.889889919036668
zebra,nsubj,0.62980113158255
baby,compound,0.007882050864249868
bananas,compound,0.07940015714847759
bananas,dobj,0.0880054892422476
dog,pobj,0.04451009459170152
dog,ROOT,0.03586159768610242
dog,pobj,0.04295021229265328
dog,pobj,0.08965812369767479
dog,pobj,0.21549780976941524
dog,nsubj,0.3939952034824608
dog,conj,0.18842311280747334
dog,conj,0.13059620474814174
dog,conj,0.18742671349910245
laptop,ROOT,0.2441858447647768
laptop,pobj,0.20444242450898545
laptop,nsubj,0.2255012211800033
laptop,compound,0.18576340026496627
laptop,nsubjpass,0.4816765308748606
laptop,pobj,0.11350069308907552
laptop,npadvmod,0.0944921554232908
clock,ROOT,0.5458995333736611
clock,pobj,0.7268894906049767
clock,ROOT,0.6111484308231107
clock,nsubj,0.3794521047481401
clock,nsubj,0.4366245407772345
laptop,pobj,0.2987547859249999
laptop,compound,0.047635810667178036
laptop,pobj,0.158873147562398
laptop,pobj,0.2156278638371484
laptop,pobj,0.5261978480866929
laptop,dobj,0.02611688050041661
laptop,compound,0.07341227337491983
laptop,dobj,0.15284676238569872
laptop,compound,0.03600706251030549
clock,ROOT,0.15987511377304653
clock,compound,0.2571840642993797
clock,dobj,0.06901015709582492
clock,ROOT,0.10796403213004324
clock,pobj,0.010544559072485304
dog,pobj,0.187982967491624
dog,ROOT,0.13981326205249964
dog,pobj,0.1796950371706061
dog,conj,0.12146998026103473
dog,pobj,0.32916507564031405
dog,ROOT,0.25184976423402483
dog,ROOT,0.4140904275973689
dog,nsubj,0.24539117506450525
dog,ROOT,0.40723091035329617
dog,ROOT,0.23752260194188124
dog,nsubj,0.11777632586763045
dog,ROOT,0.31872613982784737
dog,ROOT,0.23189908865025236
bananas,pobj,0.2686820731619081
bananas,pobj,0.6507226301011806
bananas,nsubjpass,0.3137113386658481
bananas,pobj,0.5945129670502167
bananas,pobj,0.8262186288566176
baby,compound,0.03332639995826159
baby,compound,0.03684081995145328
baby,compound,0.014412521806408176
baby,nsubj,0.27505640947607435
baby,pobj,0.03810838393606919
baby,pobj,0.05280430616362364
