word,deprel,score
stove,nn,0.033870829316378526
light,amod,0.12968878612488854
clock,nn,0.11972421033418867
clock,pobj,0.10867537209798417
light,pobj,0.05134992238751046
light,pobj,0.08191167423422185
light,root,0.042436070785138114
light,root,0.5442289307411949
water,root,0.22241868863226755
water,root,0.17392019945136794
water,dobj,0.1829716713467157
water,root,0.12069632596951728
light,pobj,0.1447598529699058
water,pobj,0.3900489788728991
water,pobj,0.030685030286362824
water,pobj,0.06591067966964115
water,pobj,0.1248300325782713
water,pobj,0.04840369828462132
water,root,0.007690394447530723
water,pobj,0.010105889000572743
water,pobj,0.08974909431645382
water,pobj,0.14823608203002836
water,pobj,0.1852477902028952
zebra,root,0.4754006776141222
baby,nn,0.0077093955572207235
baby,nn,0.005971598483358042
zebra,pobj,0.7526753397802043
zebra,nsubj,0.06089672503021526
zebra,pobj,0.019205566643032083
zebra,root,0.06328212520052923
zebra,pobj,0.025866272251487517
zebra,root,0.06328212520052923
zebra,pobj,0.025866272251487517
zebra,pobj,0.7630181380019515
water,pobj,0.011948483943606923
water,pobj,0.199251448042342
water,pobj,0.15604156533106284
water,pobj,0.21165083485743447
clock,nsubj,0.8327397747972035
clock,root,0.6775949171924278
clock,nsubjpass,0.3044699399691717
clock,nsubjpass,0.6941120299692488
water,pobj,0.4452456761196009
water,pobj,0.10025254488231727
water,pobj,0.2518386271236751
clock,pobj,0.09996638143484515
clock,nn,0.013075949290849098
clock,nn,0.08759413550367788
baby,nn,0.11085698908106356
clock,root,0.7516003542113738
clock,root,0.5526494193465021
clock,nsubj,0.6896003767834658
clock,root,0.08582651294426259
clock,nn,0.08643149656988935
clock,pobj,0.04892919012685682
clock,root,0.4107336700151151
clock,root,0.7690343699774077
clock,nn,0.2085585217917344
baby,pobj,0.13132880831342686
baby,dep,0.2879391025103341
baby,root,0.22106311008556725
baby,root,0.2755254842319361
water,pobj,0.06990439649352087
water,nn,0.08302808886393452
water,pobj,0.07562245837776915
water,pobj,0.046957498035784966
water,pobj,0.024702971402844283
water,pobj,0.1833585615159881
water,pobj,0.057293872183992726
water,pobj,0.10777143865958384
water,pobj,0.11971167687998717
baby,pobj,0.027960397330976217
water,pobj,0.0902116394004009
light,root,0.03239516313513436
light,pobj,0.2846264222518865
light,nsubj,0.1760659547684328
light,root,0.17132180699077204
light,root,0.2800409558364805
light,pobj,0.2124177297306984
water,pobj,0.07110039086004416
water,pobj,0.04460960830485572
water,pobj,0.08678022290572761
water,nn,0.056682331845321676
water,pobj,0.00952875854501789
light,nsubj,0.1070632527336144
light,pobj,0.11110689120195172
water,pobj,0.15908746552941955
water,pobj,0.1912522347181692
water,pobj,0.3425100026340025
water,xcomp,0.027719519115296357
water,pobj,0.022221996154619283
water,root,0.04046995719566859
water,pobj,0.07468146315617864
light,nn,0.06575080962370873
water,pobj,0.014110088795308397
baby,nn,0.13601362989833074
zebra,nsubj,0.8292526950458514
zebra,nn,0.6847387423173417
zebra,root,0.536078937146502
zebra,root,0.6346826270696898
zebra,root,0.6343498024061301
zebra,nsubj,0.603346256659679
zebra,root,0.6113622635868575
water,pobj,0.070087592898194
water,pobj,0.028965041271620025
water,pobj,0.015417783449573674
light,root,0.16625225437968086
baby,nsubj,0.36875971814996983
baby,nn,0.18649723866810816
baby,root,0.2852087013965621
baby,nsubj,0.4512063981341203
stove,pobj,0.1281202145095427
stove,pobj,0.10659013548097472
stove,pobj,0.01628507390417977
stove,nn,0.08077233667978366
water,root,0.00660843352970264
water,pobj,0.17357524279829295
water,pobj,0.34106468866446404
water,nn,0.3873143216895725
water,nn,0.4302725670096671
water,pobj,0.01953126233084113
water,pobj,0.3272869957290645
water,nn,0.2665982267109401
water,pobj,0.1414813444946733
baby,npadvmod,0.025313297624711573
baby,nn,0.1121952183259386
water,pobj,0.0532129215054088
water,pobj,0.12810170971088275
water,pobj,0.09268316906632335
water,pobj,0.10716059412232147
water,nn,0.08166102617985782
zebra,root,0.021070689791036767
zebra,conj,0.02081728446791486
zebra,root,0.7312176573190654
zebra,pobj,0.6005939833150036
water,pobj,0.21112657800663004
water,pobj,0.2942380880064075
water,pobj,0.3970352566225832
water,pobj,0.08734700205227242
water,pobj,0.026351144016766304
light,nsubj,0.04740391568586588
light,amod,0.16167438242964094
water,nn,0.11774179618494007
water,pobj,0.09860667708408931
clock,root,0.6814462398438326
clock,root,0.7160374054206213
clock,nsubj,0.6782682350989764
clock,pobj,0.7588759364376974
clock,root,0.2722048326590701
clock,nn,0.05716834247312753
clock,nn,0.08482182285378392
clock,pobj,0.02895452871658999
clock,nn,0.04678388067092687
clock,nn,0.18452520441078
clock,nn,0.12913038915984276
clock,nn,0.2976481975800688
clock,nn,0.03180372027899225
clock,nn,0.0771138774309663
clock,conj,0.3595421048100285
baby,pobj,0.3057693605829049
baby,nsubj,0.4224619878718547
baby,nsubj,0.5812632366492951
baby,root,0.5545117238566053
stove,pobj,0.03795391759776656
water,nn,0.01801267720036881
clock,pobj,0.004667264899873346
clock,conj,0.030907875371303795
water,nn,0.05111903301447629
water,pobj,0.019439222186785957
light,nn,0.01571394121555847
light,root,0.2668785588854028
light,pobj,0.38165444568054696
light,root,0.4099414649252217
light,root,0.512803481111619
light,nsubj,0.29934986349126114
clock,nn,0.02168553953603214
light,root,0.2359263348893529
light,nsubj,0.3624911853731828
light,nsubj,0.15796624587476304
light,root,0.508344735345945
light,root,0.2420218686106501
water,pobj,0.015619623687090025
water,pobj,0.22829381216657385
water,pobj,0.04650455715435752
water,pobj,0.03236644982650161
water,pobj,0.07595804321261634
water,pobj,0.07008758311301011
water,pobj,0.10049522955446276
baby,nn,0.01902802981188512
baby,conj,0.1322031429765822
baby,conj,0.08196980124332222
water,root,0.033809715264889184
zebra,pobj,0.6574856684506172
zebra,root,0.3163238493462429
water,pobj,0.12887203453379514
water,conj,0.0727331097235955
stove,pobj,0.06917403292779624
stove,pobj,0.06571406397308
stove,nn,0.2467409895747681
stove,nn,0.3611523521279976
light,amod,0.00923289174373687
stove,pobj,0.07840575163212316
stove,dobj,0.06874295180984956
stove,conj,0.11512159914941522
light,conj,0.19498376909650786
light,root,0.16478549593187966
light,nsubj,0.2230061420328776
light,conj,0.05355975037832028
clock,dobj,0.35844395032969373
clock,nn,0.16813901239642426
clock,nn,0.42907722543142
zebra,conj,0.1232434545349942
zebra,pobj,0.16924315768363526
zebra,pobj,0.21943014954317108
zebra,conj,0.2877183076475964
zebra,conj,0.14013874852176098
light,nsubj,0.26165985260498936
light,root,0.1233646664411272
light,root,0.6880061324176181
light,root,0.412625673183514
light,iobj,0.09368326951592665
light,conj,0.11465896196434222
light,root,0.10209072411780673
light,pobj,0.03484148469049242
light,conj,0.03601504463755656
light,root,0.04835462462954565
light,pobj,0.038389820792151697
water,pobj,0.021120839119347482
water,pobj,0.05066306743722171
water,pobj,0.08970321185442387
water,pobj,0.2681994412676637
water,nn,0.04937492357093176
baby,nn,0.06895759016449365
baby,nn,0.021734817243503683
baby,nn,0.032743165949872144
water,pobj,0.3927885853672813
water,pobj,0.15909087339314987
water,pobj,0.07203081699014446
water,pobj,0.22512986515081312
water,pobj,0.3020041088033467
water,pobj,0.15482401973490634
water,nn,0.12004693098621065
water,pobj,0.031157888626293317
water,pobj,0.13870214406740455
water,pobj,0.02733602477518071
water,nsubj,0.0638671949039673
water,pobj,0.11235556221543684
water,pobj,0.13897568973028462
water,pobj,0.02146878027694088
water,pobj,0.005034118358918426
water,pobj,0.06239897871592681
water,pobj,0.05314440012154398
water,pobj,0.05372570952813738
water,pobj,0.021778194462854228
water,pobj,0.37865753568134297
zebra,nn,0.6517455527655156
zebra,root,0.7107752464738379
water,nn,0.09060725374954326
water,pobj,0.03068279998306533
water,nn,0.10766617670785672
water,nn,0.05330634168661852
water,nn,0.4770950942534732
water,pobj,0.33364034587962543
water,nn,0.07255265326861236
water,pobj,0.05679923429418365
water,pobj,0.5475158906090052
water,pobj,0.06355302760857073
water,pobj,0.2623913629367929
water,pobj,0.593526992546645
water,pobj,0.3443392416499258
stove,pobj,0.12284973052491288
stove,pobj,0.2771700557747503
stove,pobj,0.1518845877309244
stove,pobj,0.15468733602411744
stove,pobj,0.18966997726773704
clock,conj,0.1646184442812454
light,amod,0.08441411860564896
clock,pobj,0.29400494016478385
clock,nsubj,0.491425978614863
clock,root,0.566291952296621
clock,nsubj,0.5221395382953148
clock,pobj,0.07183544534353714
clock,nn,0.03194510470415357
clock,dobj,0.16408967159769916
clock,nn,0.006281336886634792
light,nsubj,0.08933688597739675
light,root,0.26190222128730445
light,pobj,0.04796553238621393
water,pobj,0.2700751130670365
water,pobj,0.42897721723248783
water,pobj,0.05331668217581875
water,pobj,0.13766718247591914
water,pobj,0.016407172599650962
water,pobj,0.03788801834254485
water,pobj,0.006764311785724897
water,pobj,0.07900013799810891
water,pobj,0.017706261122473862
zebra,nn,0.6935881468652338
zebra,pobj,0.5755412264242221
zebra,root,0.11300255566117925
zebra,pobj,0.021054361711204558
zebra,root,0.6565621518028155
zebra,nsubj,0.06303322565453762
zebra,pobj,0.0289565699117772
water,pobj,0.24182033551853774
water,pobj,0.03526719044017645
clock,nn,0.014588396991395138
clock,rcmod,0.11589038728337585
stove,npadvmod,0.030412472362643106
stove,amod,0.03870500238275009
stove,pobj,0.12663340856021976
stove,pobj,0.008239148747516412
clock,dobj,0.15991476550095618
light,conj,0.01955638300316209
water,pobj,0.12139845287369574
water,pobj,0.12615825017270774
water,pobj,0.07958011599655257
water,pobj,0.07916528909105913
baby,nn,0.12401363742753445
baby,root,0.2057720889039404
clock,root,0.4903182385867535
clock,root,0.8882538724911667
water,pobj,0.3049536761638387
water,pobj,0.0968637314503197
baby,nn,0.018897798651013927
water,pobj,0.1010783461542859
water,pobj,0.07522712943962363
water,nn,0.0898445626350517
water,pobj,0.1254588511751894
water,dobj,0.03139002719081241
light,amod,0.07666072847267223
water,pobj,0.0689668401219089
water,pobj,0.20936308803707804
water,nn,0.14536276166456594
water,pobj,0.12109005562893138
water,pobj,0.016270304726341944
water,pobj,0.062058594044258834
water,pobj,0.06647744775066355
zebra,nn,0.16737802275872826
zebra,nn,0.10639851037498492
zebra,pobj,0.1096103757865592
water,pobj,0.506006217440085
zebra,pobj,0.4550180149465102
zebra,pobj,0.19353516206136206
zebra,pobj,0.5392170478958411
water,pobj,0.058690721270719386
water,pobj,0.1697289805408868
water,pobj,0.8153028755543635
water,nn,0.07666540492104723
water,pobj,0.13304241367670097
water,pobj,0.1411628606484342
water,pobj,0.128606841716574
water,pobj,0.2115290711199148
water,pobj,0.02341760530307901
water,pobj,0.015131778612672897
baby,root,0.2933318985955887
baby,dobj,0.7434741349606555
baby,pobj,0.21626939298218428
baby,nsubj,0.39344757220618737
water,pobj,0.04180927152109826
clock,pobj,0.03464394047053865
clock,pobj,0.1417013654316034
stove,conj,0.033883194378991566
stove,pobj,0.11753252303941543
stove,nn,0.017135724507287398
clock,root,0.4924315909519397
clock,nn,0.13364666618485666
stove,amod,0.2728284310726479
stove,root,0.6503438936592933
stove,conj,0.010563415146236377
stove,conj,0.035553305836917626
stove,pobj,0.01649440980719241
water,pobj,0.17718106448635795
water,conj,0.1015313083441739
water,pobj,0.1465735056978824
water,pobj,0.054563621929497264
water,pobj,0.10501382031008877
water,pobj,0.1179326877956306
water,pobj,0.03450611548562599
light,pobj,0.0730060528369657
light,amod,0.10207683428626237
water,dobj,0.031145307436591718
water,root,0.02693028469616754
water,rcmod,0.04868341764810935
water,dep,0.02333977467701853
baby,nn,0.055373837109124364
zebra,pobj,0.9004094533133864
zebra,nsubj,0.710803163099144
zebra,nn,0.743583407873801
zebra,nsubj,0.6995537925852298
zebra,root,0.6546943415902253
zebra,root,0.7129627251145774
zebra,nn,0.40803850386203006
water,xcomp,0.2932218705111537
water,pobj,0.4314474091177097
clock,pobj,0.4517520865547656
clock,root,0.4113225052670288
clock,dobj,0.2573869858257728
clock,conj,0.03555441310582119
water,pobj,0.03281330968714824
water,pobj,0.3310411621975966
water,pobj,0.014762548529694941
light,nsubjpass,0.04547434224994296
clock,root,0.6575301581599677
light,amod,0.06452954468379501
light,conj,0.01623804310931598
water,pobj,0.09712665813565913
water,pobj,0.6199269054577391
water,pobj,0.2221239013239249
water,pobj,0.010362536356732012
water,nn,0.4783575083287852
water,nn,0.18482595920392328
water,pobj,0.2951043273909303
water,pobj,0.2531780217841152
water,pobj,0.15738405319030613
water,pobj,0.1192882687085749
water,nn,0.09666148954118178
baby,root,0.33741842334534833
water,pobj,0.347222941276394
water,pobj,0.02943067918840425
water,pobj,0.054770409417980497
water,pobj,0.31183207163957705
water,pobj,0.4759129187339852
light,pobj,0.08250342562434465
stove,nsubj,0.38284894916168266
light,dobj,0.05128813419021805
clock,dobj,0.2471005737585421
clock,nn,0.08172557246907684
clock,nn,0.08509436374569068
clock,nn,0.06342309078593189
clock,pobj,0.047624565909721306
clock,root,0.22843974898079644
clock,pobj,0.4844707454554911
clock,pobj,0.16379631047205867
clock,nn,0.02581257757101374
clock,nn,0.014688937284663696
clock,pobj,0.042374344045645114
clock,nsubj,0.10655144907547852
clock,conj,0.07615485175320423
light,pobj,0.4227278487353556
baby,nn,0.3559805594757157
light,dobj,0.041648391440210375
zebra,nsubj,0.8740363144858534
light,nsubj,0.34607844125848186
light,root,0.14700668824706242
light,dobj,0.26689080342934834
clock,pobj,0.5184307435479234
clock,nn,0.13116376229472573
clock,nn,0.09735204766731385
water,nn,0.13113896586858487
water,nn,0.1360378037735024
water,nn,0.21833886376108225
water,nn,0.15806976036610276
clock,pobj,0.38757447660743377
water,conj,0.019207448647927783
water,conj,0.08590686266452507
water,nn,0.19395746502439729
water,nn,0.2140853788399648
water,pobj,0.010248198827557231
baby,root,0.15465382794057547
clock,conj,0.2724822116956871
clock,root,0.4545427052044851
clock,nn,0.18757977795152225
clock,nn,0.11774149198717045
clock,nsubj,0.6186141193938125
clock,root,0.5062415090593281
clock,root,0.5010671214525781
clock,pobj,0.4029075287556173
clock,pobj,0.3606562908658924
clock,rcmod,0.3689176668307692
clock,nn,0.0018525444279615664
water,pobj,0.0200067889840454
clock,root,0.3829391332576777
clock,dobj,0.5685805262278218
clock,root,0.41575838493360734
clock,dobj,0.09100589465600296
clock,nsubj,0.528658037838424
light,amod,0.022041831361678695
clock,nsubj,0.48844848850193895
clock,pobj,0.2566138310835501
light,amod,0.022673917808286648
clock,root,0.5834618187328293
clock,pobj,0.24775660727397494
clock,nsubj,0.5083194002947441
clock,root,0.4105922475788583
clock,root,0.7398974312340622
clock,pobj,0.14554737902620496
clock,root,0.2593853865533197
clock,conj,0.05811160152700135
clock,nsubj,0.5024240871759806
clock,root,0.41255025856756267
clock,root,0.3641706277501984
clock,nsubj,0.5780139957075442
stove,pobj,0.08746244162188033
water,pobj,0.4353855360581741
water,pobj,0.13903411499644136
water,pobj,0.10125430410612113
water,pobj,0.11612024458764915
clock,nn,0.025757652450623447
clock,nn,0.024812301905840158
clock,pobj,0.03234327350758337
clock,nn,0.019802373689947302
clock,pobj,0.05701542967071228
light,pobj,0.11604382388296153
light,nsubj,0.17583717125131149
light,root,0.31862969392198504
light,nsubj,0.11196810525929546
light,nsubj,0.3736187123410215
water,dep,0.10372005505719184
water,root,0.06734004524098247
water,pobj,0.06368099488334411
water,pobj,0.0808549046839181
water,root,0.21843303070072814
zebra,pobj,0.4845179727135697
water,pobj,0.3695268457389145
water,pobj,0.05388624474780034
water,pobj,0.03803047063764431
water,nn,0.05883131763064009
water,pobj,0.19809641765729594
light,amod,0.07183373747395849
light,amod,0.03675653459228112
baby,nn,0.04259314824631622
baby,nn,0.04023666824988592
water,pobj,0.22000383035518745
water,pobj,0.2059955124107996
water,pobj,0.7243050117119197
baby,nn,0.02139882399111237
water,nn,0.03754646089468205
water,pobj,0.09214066887173102
water,pobj,0.5205048017027805
water,pobj,0.04692176188534625
water,pobj,0.05220968692894068
water,pobj,0.07169332120034057
water,pobj,0.03349861209561922
water,pobj,0.054949012088724936
zebra,pobj,0.3645829849766585
zebra,pobj,0.35003250796071184
water,pobj,0.05553312851478731
zebra,pobj,0.6682363741377495
zebra,nsubj,0.6871554811023853
baby,nsubj,0.11836144864070908
baby,dep,0.09171166249603824
water,pobj,0.3653254610570151
water,nn,0.15708475020220047
water,nn,0.4582167443749205
water,pobj,0.6001952044160938
water,pobj,0.6301086090670379
water,pobj,0.0528043967843036
water,pobj,0.03360714431522116
water,pobj,0.057065979387610925
water,pobj,0.06621559003043144
water,pobj,0.08503430964723635
water,pobj,0.1399347008730798
water,pobj,0.09696034203078407
water,pobj,0.2239970646972104
baby,root,0.25948795196596075
baby,root,0.28995518658313546
baby,nsubj,0.16708042555281766
baby,root,0.1957839712066636
baby,root,0.193953091862762
light,amod,0.059371867973039165
light,pobj,0.06982106960212785
baby,nsubj,0.27690929594548885
baby,root,0.5825867213985925
baby,root,0.4297455946121961
water,pobj,0.12493683884650385
water,pobj,0.17422894416760173
baby,nsubj,0.33605265503399584
zebra,nsubj,0.7101307564064252
baby,conj,0.04994808231512815
water,pobj,0.4246112131322396
baby,nn,0.03251906736832422
water,pobj,0.09498707713318964
water,pobj,0.015353765918333706
water,pobj,0.02995255468205005
water,pobj,0.053338790603681296
light,pobj,0.0761381695014628
water,pobj,0.022466668497779674
zebra,root,0.7910645377418789
zebra,pobj,0.6473849730238228
zebra,nsubj,0.11475034723222854
zebra,pobj,0.04615078906117386
baby,nn,0.009043509320322052
zebra,root,0.764480875379362
zebra,nn,0.8061181102728403
zebra,nsubjpass,0.9091171771080127
zebra,nsubj,0.6905843174063322
zebra,nsubj,0.7488476634582573
zebra,nn,0.7325926136903526
zebra,root,0.7075493230194284
zebra,root,0.6462457215172221
zebra,nn,0.7870281110407512
zebra,root,0.838414360294751
baby,conj,0.030100411232877437
stove,pobj,0.3314380298584815
water,pobj,0.12372316860142984
water,pobj,0.015897358068132642
water,pobj,0.11272206169868172
stove,nsubj,0.3745031362346298
stove,root,0.6962294939862333
stove,root,0.6984376982302282
stove,root,0.6099147802762671
stove,nn,0.03146588635768477
clock,pobj,0.37197079240839986
clock,nsubjpass,0.5557915110466207
clock,root,0.12629219484239362
clock,root,0.19977065600060484
clock,nsubj,0.17945334301305138
baby,root,0.2032143052426072
clock,root,0.4779419222288331
clock,nsubj,0.3832082533244452
clock,nn,0.040616288989474336
clock,root,0.30686037866661753
clock,nn,0.05643795751671244
stove,pobj,0.17233314581572956
water,pobj,0.18335665421934408
water,pobj,0.1620608179651616
water,dobj,0.16410720814274915
light,pobj,0.1382498165824202
water,pobj,0.16111837309783786
water,pobj,0.29543821793482533
water,pobj,0.06059756641071656
water,pobj,0.45004614981668706
water,nn,0.03080586503280092
water,pobj,0.009492869056764941
water,pobj,0.03893621356149135
water,pobj,0.17475452450187726
zebra,nsubj,0.912207652835802
zebra,root,0.7307212246677723
zebra,advmod,0.7713260058995254
baby,conj,0.015634791307514884
baby,nn,0.02291509498504496
zebra,root,0.7484193476718709
zebra,root,0.6612044922395067
zebra,root,0.8460456807282914
water,pobj,0.27151941690827386
water,pobj,0.22087001635062728
water,pobj,0.4532258977469703
water,pobj,0.27760130324524845
zebra,root,0.5203604617576953
zebra,nsubj,0.5855127681354713
zebra,amod,0.5581502157610772
zebra,nsubj,0.6753692295770588
zebra,root,0.7294589834570456
zebra,nn,0.02276916898985337
zebra,pobj,0.004590787213747949
zebra,nsubj,0.8756146461605014
baby,nn,0.012154697075113964
zebra,nn,0.6799826119469947
water,pobj,0.13100270076164333
water,pobj,0.3312317699490633
water,pobj,0.08197938740346834
water,pobj,0.044361509708696005
water,root,0.16252956962046172
water,pobj,0.042717717694984336
water,pobj,0.11349314651805975
baby,nn,0.14288125308927024
clock,dobj,0.022908996369515714
baby,root,0.3363524117768274
stove,amod,0.0072607789539626
stove,dobj,0.008092903748593507
stove,amod,0.05116260083177882
clock,root,0.11955265256921666
clock,pobj,0.14038668092805262
baby,nn,0.09268469816470903
baby,nn,0.4393048719122471
light,root,0.32422949286581915
light,nsubj,0.327841466784213
light,root,0.19380800609456492
light,pobj,0.07912450415848338
water,pobj,0.04258214040828878
light,pobj,0.05803173929637018
water,pobj,0.04463206087087557
water,pobj,0.6134447887715427
water,pobj,0.2528044246545157
water,pobj,0.060315226704588665
water,pobj,0.021786236535828785
water,pobj,0.07994600955184061
baby,npadvmod,0.13136715530760726
water,nn,0.050668420581919005
water,pobj,0.04826611255641422
light,amod,0.1120906483731019
zebra,nsubj,0.8264139711200336
zebra,nn,0.7411730779275915
zebra,nsubj,0.5408448728262225
zebra,nsubj,0.7324295009202314
zebra,root,0.5336389413119087
zebra,pobj,0.4822860399152981
zebra,nn,0.7870281110407512
baby,nsubj,0.03293103695170263
zebra,conj,0.6453126895030392
zebra,root,0.6650703649535697
zebra,root,0.791547424615713
zebra,npadvmod,0.5812222645091782
water,pobj,0.01640905709364704
zebra,root,0.5598432120293847
zebra,nn,0.4658220579116358
water,pobj,0.07655760785743247
water,pobj,0.02324439983434301
light,nsubj,0.05590748821461278
baby,pobj,0.06044549503108044
light,conj,0.05155346228200364
clock,nn,0.08068183121763484
clock,root,0.4856555765982255
clock,nn,0.05362841859485712
clock,nn,0.1054741837558998
clock,rcmod,0.09863057834675713
clock,pobj,0.011171492607964906
clock,pobj,0.039194286571846426
clock,nn,0.15428095260269234
clock,nsubj,0.09773199050664548
clock,nsubjpass,0.08656151569586512
stove,pobj,0.3875863816533213
light,root,0.1309689692143311
light,root,0.10204250947851634
light,root,0.059949715016817014
light,pobj,0.026015115444865452
light,nsubj,0.16726269322096898
light,pobj,0.10328860453785572
water,pobj,0.06444897253670168
water,pobj,0.05341651460521112
water,pobj,0.032980548027673584
light,pobj,0.14016816396285736
light,pobj,0.034266598761325096
water,pobj,0.1406098025378688
water,pobj,0.17422513288386432
zebra,root,0.3206489529905455
zebra,root,0.2682675066063358
zebra,conj,0.2072203263389073
zebra,conj,0.163187862498963
zebra,root,0.3075205616470855
water,pobj,0.10843743452103873
water,pobj,0.2195360411029532
water,pobj,0.2562288920038491
water,pobj,0.1559447224113769
water,pobj,0.1576691103512804
water,pobj,0.305190313968154
water,pobj,0.4535722277834072
baby,nn,0.0031676892853290672
baby,nn,0.00811388286975634
water,pobj,0.016332019560318045
water,pobj,0.043095990777262894
water,pobj,0.08472616571225566
water,root,0.040911737147591436
water,dep,0.060369315893369024
water,pobj,0.0018849957707228746
zebra,nn,0.7043418804473773
water,conj,0.08593279223677651
water,nn,0.029788453122804318
water,pobj,0.1188513005046944
water,nn,0.5769137450522415
water,pobj,0.07812814085927865
water,pobj,0.03076406826410727
baby,root,0.4410074536145123
baby,root,0.09838040389567582
baby,nn,0.14892073918488224
stove,rcmod,0.059545562913540524
light,amod,0.011916220819635505
stove,nn,0.0071673517445787205
stove,pobj,0.03952801079684598
stove,pobj,0.05532098745204849
water,nn,0.014157816803404112
light,pobj,0.01963598972726344
light,pobj,0.1083543154487554
light,pobj,0.06295166719510603
light,dobj,0.08865925460576961
light,root,0.19904357038062412
clock,nn,0.05226301665909694
clock,pobj,0.014444969298221031
clock,pobj,0.17141389188525116
clock,pobj,0.21440878164759006
clock,pobj,0.15478092425482382
clock,nn,0.15370520725092196
water,pobj,0.11076059387042647
baby,conj,0.09789655453114232
water,pobj,0.012764562353669406
water,nn,0.015559433302636316
water,pobj,0.07303755381999065
water,pobj,0.0505273335730787
water,pobj,0.043218158985489856
light,dep,0.015555866169006172
water,pobj,0.025806944227529827
baby,dobj,0.1409789493727288
baby,pobj,0.16523372813796475
water,pobj,0.11429099615720395
clock,root,0.4873150474410761
clock,nsubj,0.4137261399103215
clock,nsubj,0.3040720047732266
clock,root,0.4112317943843564
clock,nsubj,0.5060518174374508
clock,pobj,0.06226444498791728
baby,pobj,0.18667747989732356
baby,dobj,0.06345717193086131
baby,dobj,0.04489219560402447
stove,dobj,0.058507873788931526
stove,pobj,0.04437792972983968
stove,amod,0.010753597843430995
clock,root,0.7476837288639009
clock,dobj,0.5965270129254363
clock,root,0.8895705982295093
clock,pobj,0.39108139700168665
baby,nn,0.05457350917037973
water,pobj,0.3557423344700069
water,pobj,0.22856068649536365
water,pobj,0.5539763924254874
water,pobj,0.06981085732542625
water,pobj,0.42774395138982
water,pobj,0.02924142356123138
water,pobj,0.06819952894708026
baby,nn,0.04069134377456862
water,pobj,0.12501394958911327
baby,conj,0.012962422786225392
baby,nn,0.04152944643138168
water,pobj,0.06475941502809046
water,pobj,0.021228105826161192
baby,nsubj,0.044241768460152486
baby,nsubj,0.014679282161525031
water,pobj,0.011185574554613996
baby,nn,0.026507877313545647
water,pobj,0.015996562611539814
water,pobj,0.024968516349046618
water,pobj,0.01860981696655073
zebra,nn,0.8666444703329437
zebra,pobj,0.9004094533133864
water,pobj,0.09564266068739324
water,pobj,0.044361509708696005
water,pobj,0.003132938747882341
water,pobj,0.003178263286665817
baby,nn,0.027859700915230046
light,rcmod,0.061763066096338415
water,pobj,0.5649028088397194
water,nn,0.17501154256892326
water,conj,0.011401271461220051
water,pobj,0.16398664191124335
baby,root,0.6027241787372473
baby,root,0.4667790267494206
baby,nsubj,0.4556266981303896
baby,root,0.4403901708956557
baby,root,0.491711180530296
clock,root,0.06891944371375214
clock,root,0.01988825801623273
clock,root,0.3829391332576777
clock,pobj,0.14959364862681634
clock,root,0.10134061883548606
clock,nn,0.3884376538602573
stove,amod,0.14310398303522132
stove,root,0.2217385620904697
stove,nn,0.007278235078671424
stove,pobj,0.044948295614199
stove,pobj,0.06131848355089864
light,pobj,0.04721834519256773
light,pobj,0.051174594596962164
light,pobj,0.31157926586431267
light,amod,0.03971057880924311
light,pobj,0.018843861778941484
water,pobj,0.27803883136263474
water,pobj,0.184279423127622
water,pobj,0.04206167340624245
water,pobj,0.03883639563515151
baby,nsubj,0.01256478538177408
water,nsubj,0.06712584646026687
baby,nn,0.009733949393729957
zebra,nn,0.077738012298869
zebra,pobj,0.009453433733245586
zebra,pobj,0.5194067382654219
baby,nn,0.010498854367089085
zebra,nsubj,0.9504202057969068
zebra,nsubj,0.03386896014058771
zebra,pobj,0.008693418735947978
water,pobj,0.04312902375182126
water,pobj,0.009972693735841752
water,pobj,0.04940496131222305
clock,nn,0.20332534180311945
clock,nn,0.061800052709201525
clock,nn,0.05085125131761015
clock,nn,0.19256677464678476
clock,pobj,0.0593015055019861
clock,nsubj,0.5360479854522066
clock,nn,0.28582411317795553
clock,nn,0.5435194258496977
clock,nsubj,0.19612517330942286
clock,root,0.23014316722639305
stove,nn,0.10184867187474901
stove,conj,0.1360933632937582
stove,npadvmod,0.048112200363397584
light,nsubj,0.11271475837274204
water,pobj,0.17150979765331786
water,pobj,0.18362432058994368
water,nn,0.1906755523296072
water,nn,0.16364512017271748
water,nn,0.4017800880264401
light,pobj,0.16711310055240466
light,root,0.4522882742361392
light,pobj,0.1669907384719186
light,root,0.32620483961403257
light,pobj,0.018683484417375884
light,amod,0.3237969096546537
baby,pobj,0.0866755808204529
baby,root,0.11232831097734708
water,pobj,0.13515256134938666
water,pobj,0.1359194656515238
water,pobj,0.07128891266308524
water,pobj,0.1985509878917704
water,pobj,0.14620698372220142
water,pobj,0.2931966035928173
baby,pobj,0.04442302675470178
baby,nn,0.12816206818195133
baby,nn,0.01906396152919232
baby,nn,0.024332035760215254
clock,nn,0.11476469374550867
clock,root,0.26220924536164525
clock,root,0.6082419818835354
light,pobj,0.08740440001630434
water,nn,0.24455918120156886
water,pobj,0.048453036241702496
water,pobj,0.05106311145484154
water,pobj,0.050995702212155436
water,pobj,0.16215039597908576
clock,dobj,0.14394020072649938
clock,nn,0.06667874832357645
clock,nn,0.0048510251825683035
clock,nn,0.06772774681184723
stove,pobj,0.18736292023102288
stove,pobj,0.4580998934070307
baby,nn,0.1281859451440348
baby,nsubj,0.16934676679040886
stove,pobj,0.27253507832036195
baby,nn,0.11987529797055566
stove,pobj,0.6042985098916162
baby,pobj,0.19070313387825974
light,nn,0.09212385797627633
light,amod,0.017598188464390763
light,nsubj,0.1967309529757336
light,pobj,0.05119046635544533
light,nsubj,0.26934412862418866
water,pobj,0.126319370867238
water,conj,0.15613121621878856
water,pobj,0.2408149635595669
water,pobj,0.02110122288990679
water,pobj,0.061982889011439675
water,pobj,0.058418444403228964
water,pobj,0.039970603135159204
water,pobj,0.10179109826781918
water,pobj,0.049752673427926435
water,pobj,0.0445541644294789
water,pobj,0.07552878236685721
water,pobj,0.0862457472155097
water,pobj,0.02751553713560351
water,nn,0.029911513539410236
baby,nn,0.029063923787072562
zebra,pobj,0.9171894761663002
zebra,root,0.8713089054859107
baby,nn,0.004103135980391913
zebra,pobj,0.08024205435289712
zebra,conj,0.04075288434179925
baby,nn,0.011225258499749093
zebra,nsubj,0.7298642592218123
baby,nn,0.02970625560518769
zebra,root,0.9237348840558524
zebra,nsubj,0.7082064354496964
zebra,root,0.5419219916028878
zebra,root,0.5406498226374506
zebra,root,0.7040052479723358
zebra,pobj,0.46106187945251
zebra,nn,0.6611939730403389
water,pobj,0.01196009791568442
water,pobj,0.006071706633368534
water,pobj,0.05679923429418365
water,pobj,0.049957029519672624
water,pobj,0.09466025195474792
water,pobj,0.057488810235536765
clock,nn,0.0113554534635516
clock,pobj,0.0262450236146754
clock,nsubj,0.6987228237940911
clock,nn,0.08844090273990224
clock,nn,0.049231507701429485
water,pobj,0.11392352590962428
stove,pobj,0.012295367110935708
light,pobj,0.3512525071587871
light,root,0.3189280881020924
light,pobj,0.06939045100976449
light,root,0.024164750876185304
light,nn,0.07826554925107286
baby,pobj,0.1244519008973798
water,conj,0.018778018561853568
water,pobj,0.010011551636622928
water,pobj,0.15039902083312418
water,pobj,0.01876500816767701
water,pobj,0.0395787202396044
baby,nn,0.08760239097752176
water,conj,0.1053107607149234
baby,nn,0.031295586697099524
water,pobj,0.07338669859313607
baby,nn,0.4026992267498809
baby,root,0.44768035752335206
baby,root,0.3231072375264812
baby,root,0.4193984118206428
baby,root,0.4064373381166225
zebra,root,0.024689802452310672
baby,nn,0.015050995535156209
zebra,conj,0.02045936400131254
baby,conj,0.02238105809487767
zebra,root,0.6608451255240585
light,amod,0.02011028081000921
clock,dobj,0.12313219898009307
clock,nsubj,0.7808669796001475
clock,root,0.6348121812080387
clock,nsubj,0.4951075814378072
clock,root,0.32169603334213226
clock,root,0.4679313817493468
baby,root,0.4155930631428988
baby,root,0.5568011644198148
baby,root,0.0835422309255397
baby,nn,0.06512930896550416
baby,nsubj,0.6364209767839284
stove,nn,0.017213840821124426
stove,root,0.14947235568659356
light,amod,0.015987316992449263
stove,conj,0.01875187375566933
light,nsubj,0.11966583326759195
light,pobj,0.08359311622112996
light,pobj,0.051280246824801805
light,root,0.281502761340224
light,pobj,0.07348319599278375
light,root,0.12845415112340675
light,dobj,0.21589548551762705
light,dobj,0.21799839410016808
baby,nsubj,0.13204714168238896
baby,pobj,0.04091683530278312
light,pobj,0.10793236775553773
light,root,0.3397107036505028
water,nn,0.04592891538850541
water,pobj,0.10364918237486076
water,pobj,0.04777438415642255
water,root,0.023673596971206745
zebra,pobj,0.6213868735562447
stove,pobj,0.11417204461927212
water,pobj,0.08979131097368154
water,pobj,0.05920024204215879
water,pobj,0.05356041320274008
water,pobj,0.002067443602307373
water,pobj,0.009733150743062136
baby,nn,0.176155640064243
water,pobj,0.0166940089001747
water,pobj,0.012214004286672742
stove,pobj,0.2944317980207388
stove,pobj,0.6046727545646935
light,pobj,0.04473528939831351
light,amod,0.06189954390159945
water,nn,0.02941258857045725
stove,pobj,0.027288057364434848
light,pobj,0.20900862592322134
light,root,0.19317526279551345
light,pobj,0.17447079013353395
light,pobj,0.093825582819828
light,pobj,0.052743864130661115
light,nn,0.13719604935837082
water,nn,0.06562510133719945
clock,nn,0.004015962113337768
water,pobj,0.0321470019893958
water,pobj,0.15661883213136896
water,pobj,0.04973884315173272
water,pobj,0.1232476193714368
light,amod,0.11149722380501216
water,root,0.026391164922403683
water,pobj,0.027052265026883848
water,pobj,0.04895863882630036
water,dep,0.028348315437337963
water,pobj,0.22438132181614734
water,pobj,0.060791708876221213
water,pobj,0.0441210225393226
water,pobj,0.1868805557210084
baby,nn,0.01444154080160176
baby,nn,0.039810409305674366
zebra,nn,0.7242671968667731
water,pobj,0.1052212634077635
water,pobj,0.02664637596221253
water,pobj,0.1604137937147092
water,pobj,0.1250820944040857
water,nsubj,0.5528151342797316
water,pobj,0.03904321930292865
water,nn,0.034263204843116735
water,pobj,0.06275974745784263
water,pobj,0.06845333464077097
water,pobj,0.4534094047693388
water,root,0.007277234957130062
water,pobj,0.14160479798498127
clock,nsubj,0.5610814571576552
light,pobj,0.05400531123850161
clock,nsubj,0.336966280361613
clock,nsubj,0.8002133541967709
clock,nn,0.6671674792518995
clock,nsubj,0.10459471133935816
clock,pobj,0.2547924767283596
clock,nsubj,0.6410372253872476
clock,pobj,0.19947542218390776
clock,root,0.3239847308708255
clock,conj,0.12639445433764226
clock,nn,0.0760022984780313
clock,pobj,0.07850094686475485
clock,root,0.5190084933161778
clock,nn,0.17907593070782413
clock,nn,0.10449394706707073
clock,nn,0.06332970858604448
stove,pobj,0.05976104259493253
water,pobj,0.19411417130720887
water,xcomp,0.12507360938791745
water,pobj,0.14444171191633806
water,pobj,0.1702410431068757
clock,pobj,0.1495311067691284
clock,dobj,0.10258792171103648
clock,pobj,0.02474610321616211
clock,conj,0.3368160975419593
light,pobj,0.20658156869449665
water,pobj,0.062345166950682714
water,pobj,0.1173151574420499
clock,pobj,0.05982114692219743
clock,nsubj,0.2393792839271124
clock,pobj,0.07743752718256534
clock,nn,0.13651843708733136
water,pobj,0.2472212268473596
water,pobj,0.04012793415333527
water,pobj,0.06812735488631738
light,root,0.20874356809526184
zebra,nn,0.2504624936193677
zebra,nn,0.2585097903235932
zebra,pobj,0.2421456334919397
zebra,pobj,0.2207876367139088
light,conj,0.09619862363677913
light,pobj,0.026563269279328616
light,pobj,0.13365264263256715
water,pobj,0.09353873595346829
water,pobj,0.08164018025818585
water,pobj,0.055113944396283594
water,pobj,0.004089855311663615
water,pobj,0.2542320492441279
water,pobj,0.03451423182885238
water,pobj,0.07503230521248827
water,conj,0.027863656556155747
baby,pobj,0.1453374683854538
water,pobj,0.19897872329628372
water,pobj,0.11968936596365044
water,pobj,0.008912866006751008
water,pobj,0.06450774093430123
water,pobj,0.1246770936104482
water,pobj,0.6018292086363615
water,pobj,0.4447368402437985
baby,nsubj,0.3867467858122221
baby,root,0.2672729653339172
baby,root,0.42830713812861787
baby,nsubj,0.5833932944199645
baby,root,0.06457389755748233
light,conj,0.03707311767757859
water,pobj,0.14144830585870094
water,pobj,0.022905929249180116
stove,conj,0.2920050723423607
stove,root,0.3409965436787005
stove,root,0.4935531511188693
clock,conj,0.26087290909660954
clock,nn,0.04720223934048151
clock,nn,0.062284451781426275
clock,nn,0.07193995657863705
clock,nn,0.12383039948200605
clock,root,0.5947196302267386
water,nn,0.33626361417135814
light,pobj,0.11586638621543255
light,pobj,0.06949663858339583
water,pobj,0.05573703643969352
water,pobj,0.18280728275768846
baby,nn,0.019116445515552246
baby,nn,0.016366775364388575
baby,nn,0.05611633400899385
baby,nn,0.031987624714115204
baby,nn,0.007601748258228012
baby,nn,0.016985365721205348
baby,conj,0.022177095599255403
water,root,0.009227063491322627
baby,nn,0.013590326381587749
water,pobj,0.07282981439759516
baby,conj,0.02907540497738537
water,pobj,0.062486822133777764
water,pobj,0.032239337659563994
water,pobj,0.13434023675604467
water,pobj,0.1277591711586512
water,pobj,0.4782754848355406
water,pobj,0.4279166136222585
zebra,nn,0.4390184310350147
zebra,root,0.5877752260432485
zebra,root,0.8151427895110032
zebra,nsubj,0.7254302738865837
zebra,nn,0.6364414708981602
zebra,npadvmod,0.2689891782342677
zebra,root,0.6064213738068274
zebra,nsubj,0.5926906394798679
zebra,nsubj,0.6242866629069885
zebra,root,0.526582828437378
zebra,root,0.5256647389801855
zebra,nsubj,0.6858613482530475
zebra,nsubj,0.6367419948390207
zebra,nsubj,0.6143307234690887
zebra,root,0.7225245554047693
stove,pobj,0.039785958310897485
stove,pobj,0.13849303511062694
water,dobj,0.1115048583979571
water,pobj,0.050995702212155436
water,pobj,0.20604272835820334
water,pobj,0.08443944765498135
water,pobj,0.09210583483746182
water,pobj,0.2552025599598701
water,pobj,0.023002697075180545
water,pobj,0.015433063857038019
water,pobj,0.07531631700848705
water,pobj,0.011852968532562569
water,pobj,0.11105047925068967
water,pobj,0.008934125942658076
water,pobj,0.047363039498705455
clock,nsubj,0.5862762052675816
clock,nsubj,0.659633148419346
clock,root,0.27405422236315025
clock,conj,0.4542579027368808
clock,pobj,0.6998153763808164
clock,nn,0.01505504307340877
clock,nn,0.27149232505071963
clock,nn,0.08154258695643901
clock,nn,0.06856648159708789
clock,nn,0.04969408766351768
clock,nn,0.035040663236408975
clock,dobj,0.061961019297535384
clock,pobj,0.03517953131275808
clock,pobj,0.04813214023660506
stove,amod,0.08283340125272176
stove,pobj,0.14361254745901475
stove,amod,0.12530888398310125
stove,pobj,0.16896267839248325
stove,nn,0.21613012509549331
stove,dobj,0.024733406379891187
stove,amod,0.14424261801708127
stove,nn,0.12793597439928728
light,pobj,0.042266869390242816
water,nn,0.06784144603349285
water,pobj,0.011318090604663156
stove,amod,0.21242780655524784
stove,pobj,0.3662345386039868
water,pobj,0.1910550441410187
water,pobj,0.06765371518421948
water,pobj,0.2909628050029257
water,pobj,0.06673447485079309
water,pobj,0.2345303308012445
water,conj,0.020535794155871256
zebra,root,0.2232940795139271
light,root,0.12300568586444115
light,root,0.13105600562856354
light,root,0.09469452431436451
light,pobj,0.022659532280470795
baby,nn,0.023112847623992683
water,dobj,0.10476821781223566
water,pobj,0.156348694659871
water,pobj,0.042076264398247194
water,pobj,0.053908502569675054
water,pobj,0.03639387909048975
water,pobj,0.09972988158203731
water,pobj,0.03745079377193972
water,pobj,0.036209305356507016
water,pobj,0.05151254740359934
baby,conj,0.0558271096280204
zebra,root,0.6623104810814223
zebra,nn,0.5669057421650392
zebra,nn,0.7241639176826576
zebra,root,0.02982145008292192
baby,nn,0.003215951218870972
zebra,pobj,0.005766855814215877
baby,nn,0.013137760400963594
zebra,nn,0.9483530888779836
zebra,nsubj,0.3804160538367296
zebra,amod,0.3441279807499662
water,pobj,0.21586075451791475
zebra,root,0.6937058370298959
zebra,nsubj,0.818272001459234
zebra,nn,0.6690395332187374
zebra,nsubj,0.8056439430702893
zebra,nn,0.7801289571288387
water,pobj,0.5533657370054706
water,pobj,0.14625527500398486
water,pobj,0.27300570078353853
clock,nn,0.07757484878620846
clock,nn,0.05302130094178947
clock,nn,0.08107597710225212
water,pobj,0.1264063299843915
clock,root,0.8690160878503114
clock,dobj,0.12094111312813015
clock,nsubj,0.3287211747567068
clock,pobj,0.2395966356340917
clock,pobj,0.3204459837008906
clock,nn,0.022795677453213314
clock,pobj,0.029973091784641918
clock,nn,0.05711914399995655
clock,nn,0.06881618780084964
clock,nn,0.06665476906735657
clock,nsubj,0.3256205230878132
clock,root,0.3640953023082487
clock,nsubjpass,0.4089467094926556
clock,nsubj,0.8211915136267598
clock,root,0.3269062068502938
clock,nsubj,0.705494776188216
clock,nn,0.09770082796709124
clock,root,0.41621055685484976
clock,nsubjpass,0.7093836965923368
clock,pobj,0.2045867459501859
stove,amod,0.03656705722161002
stove,dobj,0.08599273236645244
stove,rcmod,0.040208232761497535
water,pobj,0.01612069724726939
light,amod,0.06836590403992904
light,pobj,0.009366257005816394
water,pobj,0.4113522476285407
water,pobj,0.4153199921952361
water,pobj,0.31638979974029513
water,pobj,0.09561955983687641
water,pobj,0.06541636335446532
light,pobj,0.17170639246548736
light,pobj,0.04587289537572836
light,conj,0.10530347726227852
water,nn,0.03917644114698315
water,pobj,0.17707591131292674
water,pobj,0.03179704771359537
water,pobj,0.08891756700370335
water,pobj,0.104150598439971
water,conj,0.03946001365483109
water,pobj,0.492661762269909
light,pobj,0.06876488339421928
water,pobj,0.21046188825223988
water,pobj,0.007254223866834053
water,pobj,0.0883105627889119
water,pobj,0.05701395659479769
water,pobj,0.19499711681185505
water,pobj,0.0040051910672730395
water,pobj,0.20019704738019284
water,pobj,0.009599913979783992
water,pobj,0.023019129209038147
water,pobj,0.029518102645462507
water,root,0.003328209374901303
water,pobj,0.012400535843442915
water,pobj,0.019377820255418787
water,pobj,0.6190117005595477
water,pobj,0.11304041707835287
water,pobj,0.5494521630948409
zebra,nn,0.7353300138391426
zebra,root,0.5778467146649996
zebra,root,0.702529166129241
zebra,nn,0.6656497902536487
zebra,nsubj,0.8751667885312125
zebra,nn,0.5248362661824351
clock,pobj,0.21681048723838936
clock,root,0.20126892479847625
clock,root,0.3494337523813349
clock,root,0.2707322839329881
clock,root,0.32268098591191297
water,pobj,0.04338207604676214
water,pobj,0.022684162129931518
water,pobj,0.15939044899930346
water,pobj,0.08413806905263331
water,pobj,0.8379430339159482
water,pobj,0.008821406041672588
water,pobj,0.14078829084751698
baby,conj,0.10213054721234073
baby,pobj,0.2572619318704528
baby,root,0.2314436591164909
baby,root,0.5152515737043242
baby,nsubj,0.3883973700796368
clock,nn,0.02170070591518469
clock,nn,0.07748806611117097
clock,nn,0.110076348775191
clock,nn,0.05584076228610412
clock,root,0.6010040294183676
clock,pobj,0.20979506894446576
clock,pobj,0.061511455470626974
clock,pobj,0.7622875885857507
clock,nsubj,0.6483560627465538
clock,conj,0.2513942755686657
clock,nsubj,0.5159634004102692
clock,pobj,0.1376387782019025
clock,root,0.5895133023486911
light,pobj,0.2502470833235929
stove,pobj,0.08219621834735212
stove,pobj,0.15968494897862173
clock,root,0.14596703246296516
stove,pobj,0.07858005150619694
stove,conj,0.019337068152713632
clock,conj,0.2802354460197377
clock,root,0.48841386052076
clock,dobj,0.36467595426212895
clock,pobj,0.5581445510243112
zebra,nn,0.2305738573756897
zebra,conj,0.15707298676757234
zebra,conj,0.21609371487799534
zebra,conj,0.210765760702224
zebra,conj,0.21016218141600984
baby,pobj,0.16808111667672154
water,conj,0.03809287618882462
water,pobj,0.18843261125559171
baby,nn,0.0906756718948536
zebra,nn,0.6949183769677936
water,pobj,0.04466798281990436
zebra,root,0.7200281017382162
zebra,nn,0.6576441203318508
zebra,root,0.7707589472151997
water,pobj,0.042055282283692486
zebra,nsubj,0.9382364027089256
water,pobj,0.018739183727931815
zebra,nsubj,0.03552312308078254
zebra,pobj,0.002987318640647496
zebra,root,0.7845086309871867
zebra,nn,0.7379740517290883
zebra,root,0.7115682058856719
zebra,nsubj,0.6924385395529313
water,pobj,0.0012946755798729506
water,pobj,0.010869919642013004
water,conj,0.01896458334327933
water,pobj,0.539726681603367
water,pobj,0.07756876893054497
water,pobj,0.09363621555262258
water,pobj,0.06557750248201664
water,pobj,0.16394016990500274
water,pobj,0.02061275333250689
light,amod,0.09449778994483304
water,pobj,0.047297466082658494
light,amod,0.014164024110934204
water,pobj,0.08320426511815937
water,nn,0.012036470409830248
water,pobj,0.2953833679199549
water,pobj,0.04840721783970914
clock,root,0.5293586171010909
clock,pobj,0.07846532397306372
clock,root,0.2578322501724678
clock,pobj,0.08447854285449186
clock,pobj,0.2525459967508884
clock,nn,0.038064556025010236
clock,nn,0.05524047602574434
clock,nsubj,0.018079966652459367
clock,nn,0.058250118849597965
baby,nsubj,0.5263187096984665
baby,root,0.3322817410771034
baby,root,0.4956462824314418
baby,nsubj,0.4616249419061538
stove,amod,0.013735695186743002
clock,nn,0.06479227099146634
baby,dobj,0.02020504381112964
water,nn,0.0825795107515781
water,pobj,0.026639323964362197
water,pobj,0.03503907360116609
water,pobj,0.05273359420030932
water,pobj,0.12251911044729613
water,pobj,0.25437925841312514
water,pobj,0.06268036369851071
water,pobj,0.027803018560964454
water,pobj,0.03803010742323398
water,pobj,0.016369563187913938
baby,nn,0.07921502745807264
clock,root,0.6782729738866848
clock,root,0.7709325565185347
clock,root,0.37065061412789424
clock,root,0.21956740116319706
clock,root,0.4994309922782246
clock,pobj,0.4670200574918831
clock,nn,0.03698651827191324
clock,root,0.8489031626706723
clock,pobj,0.8595311655370166
clock,nsubj,0.7277928000242893
clock,nsubjpass,0.8072026699640314
clock,root,0.7925587013424502
clock,nn,0.118165502535583
water,pobj,0.2022756293334339
clock,dobj,0.135739401275355
clock,nn,0.07893550775061718
clock,pobj,0.22893830604317544
clock,pobj,0.7952644851055288
clock,nn,0.049008816969192896
clock,conj,0.14571625831025348
clock,nn,0.08745406586329176
clock,nn,0.751279250812493
clock,nsubj,0.07621258941476095
clock,root,0.4263462592479946
clock,nsubj,0.4731971158318848
clock,root,0.6291741871391185
clock,pobj,0.5077207292173272
clock,pobj,0.06656271697306837
clock,nn,0.18735520489653767
clock,root,0.2692119051180597
clock,nn,0.04558369085748415
clock,nn,0.016050010723867802
clock,root,0.6418920108419457
clock,nsubj,0.5971572982864255
clock,nsubj,0.5534594637828849
clock,root,0.19096770587975606
clock,nsubj,0.859149181639924
light,pobj,0.08133301868742594
light,pobj,0.1418191311225654
light,pobj,0.11167099878818863
light,pobj,0.1861985871072324
light,root,0.492689437393271
light,root,0.10194068709988036
light,nsubj,0.2402171154014892
light,root,0.08790909966614513
baby,dobj,0.12757618424486927
baby,pobj,0.23543646105628654
water,pobj,0.01483594515213116
water,pobj,0.13810146647667165
water,pobj,0.12656019255637826
baby,root,0.07374769011525628
light,pobj,0.13502168150597993
light,root,0.18635235210196044
light,root,0.20147164367470694
light,pobj,0.3958747671699677
light,pobj,0.08633657040845753
light,amod,0.18489847210935265
baby,nsubj,0.03133186722383419
baby,nn,0.04330807316717989
baby,nn,0.021785127078792543
baby,nn,0.0289665672073296
water,pobj,0.029041249633435236
water,pobj,0.01514017697576886
water,dobj,0.05844926880594936
water,dep,0.010831162882149914
water,pobj,0.020160558592896786
water,pobj,0.02897634035223884
light,amod,0.23775318520986424
zebra,conj,0.684048774222704
zebra,nn,0.7417589044063739
zebra,nsubj,0.8063860097385606
zebra,nsubj,0.7898255812102698
zebra,root,0.7540065217294486
zebra,root,0.37947515914570024
zebra,amod,0.4962097276043482
zebra,nn,0.6094622204815747
zebra,root,0.6842825079918246
zebra,root,0.5558635011604098
water,conj,0.03760414994810591
zebra,pobj,0.610053628865291
zebra,nsubj,0.18083590496875834
zebra,pobj,0.020827596856403674
zebra,root,0.050026193970067134
zebra,nn,0.022534305032944516
zebra,conj,0.555101234574958
zebra,root,0.025082807540993457
zebra,conj,0.010148809815255566
water,pobj,0.3236772236587209
water,nn,0.05965582185785068
water,conj,0.023004916467239345
zebra,nn,0.0038477824330388492
water,pobj,0.1392122978019944
water,pobj,0.14577793150625107
water,dobj,0.01408292952299639
water,pobj,0.29999763619718606
water,pobj,0.23117780422690304
water,pobj,0.2338781322732739
water,pobj,0.14742977456437656
water,pobj,0.0222531060601332
water,pobj,0.4288295955231679
water,pobj,0.07685420444528202
water,pobj,0.005804264123748125
stove,amod,0.14187307539572913
stove,pobj,0.2907600679358477
stove,root,0.6965043448109178
stove,npadvmod,0.22030278435847228
clock,root,0.4593576804227588
clock,root,0.7069069718357666
clock,root,0.25760379188947435
clock,conj,0.02640604953758663
clock,root,0.2534603180063011
clock,conj,0.27662745000354405
clock,pobj,0.3401545633921971
clock,conj,0.21857533871931895
clock,nn,0.058293080631460985
light,conj,0.009014225014157828
clock,dep,0.2828077321246191
clock,root,0.6328040126694134
clock,nn,0.2145014205334501
clock,nn,0.10737041796403968
water,pobj,0.506242147229248
water,pobj,0.18389319748841548
water,pobj,0.02590886176764229
water,pobj,0.2888382938566584
stove,amod,0.10507338113406904
light,nsubj,0.457247973727429
light,pobj,0.0647094210646636
light,pobj,0.06429758015252296
light,conj,0.2666416778033146
light,conj,0.14827714526144342
water,pobj,0.005532504777641889
water,pobj,0.0307904225400476
water,pobj,0.02778712126869598
water,pobj,0.017372381644515156
water,pobj,0.01612287967658954
water,pobj,0.026951052146726773
water,dobj,0.0364754799234932
water,pobj,0.1016070721844673
water,pobj,0.04911925318320709
water,pobj,0.07081814973957923
zebra,nn,0.7752255729278198
water,pobj,0.1500075899715858
water,pobj,0.03751204241434192
stove,pobj,0.11638194715998218
stove,pobj,0.224410067465738
clock,pobj,0.023197909431310504
clock,pobj,0.1795746739223455
water,pobj,0.003771933916623005
clock,root,0.6207164255509987
water,pobj,0.295216415491262
clock,nsubj,0.6500468915269751
water,pobj,0.2991078660067866
clock,root,0.5578575460816628
clock,nsubj,0.6241402800790801
clock,root,0.6709871830426429
clock,pobj,0.473161596703949
clock,npadvmod,0.2445658966428359
clock,pobj,0.42952287564239705
clock,pobj,0.3696158013912303
clock,pobj,0.3379459664638731
clock,npadvmod,0.2589593338417182
clock,nn,0.11544176578707654
clock,nsubj,0.10234075398539233
clock,nn,0.010717681808239288
clock,root,0.5405055222604596
clock,root,0.3515825430549018
clock,root,0.6667919407385359
clock,root,0.7122388936933607
clock,pobj,0.20459445973303256
clock,pobj,0.4457876289769044
stove,conj,0.05178893392751027
stove,nn,0.013436393059097164
water,pobj,0.10212510948301944
water,conj,0.04924309078082545
clock,pobj,0.3465740726459013
clock,pobj,0.4035481769679685
clock,nsubj,0.6389235251413865
clock,root,0.5710020254031358
water,pobj,0.3370515205067653
water,pobj,0.12842885069040932
water,pobj,0.020040324462324288
water,nn,0.2607961047261601
baby,pobj,0.0103331700425221
light,conj,0.04344291334726257
zebra,root,0.6011312522049838
zebra,pobj,0.14068995053509148
baby,nn,0.009689546338109369
zebra,pobj,0.013133662987558692
zebra,pobj,0.7828429065035396
zebra,nn,0.5682923459947906
zebra,nn,0.7331797657428211
zebra,nn,0.18714216230865896
water,pobj,0.15617074079867066
zebra,nn,0.6145585860079014
zebra,root,0.6760530061613128
baby,nn,0.01668916550840227
zebra,root,0.751022931369925
zebra,root,0.6410412474842365
zebra,root,0.8411105987565825
zebra,pobj,0.444157073356267
stove,pobj,0.09414749940868704
water,pobj,0.14950899601214596
baby,root,0.39063885863359377
stove,root,0.7009654722487405
clock,root,0.3338262947648413
clock,nsubj,0.484839857051227
clock,root,0.4680594693744562
clock,root,0.4593576804227588
clock,pobj,0.03961756958887142
clock,nn,0.013198254977513256
clock,nn,0.44309672392116894
clock,nn,0.3296892628943612
light,pobj,0.00721572857272712
clock,dep,0.11918361009891
clock,dobj,0.35690279518333057
light,pobj,0.14770735514018518
water,pobj,0.048952002644645935
stove,amod,0.10089202860688473
light,pobj,0.23549882405688286
light,pobj,0.3740528709019769
water,nn,0.05290543005913906
water,pobj,0.02679767763394381
water,pobj,0.11688450086645352
light,amod,0.1033131998403487
water,pobj,0.02830624680944493
light,amod,0.07948019228978542
water,pobj,0.02175315879151274
zebra,pobj,0.7043658962469077
clock,root,0.648641612731079
clock,root,0.483474368537693
clock,pobj,0.5625572932110089
light,amod,0.045543885064668437
clock,root,0.9105517620900796
clock,root,0.4532675074957931
clock,pobj,0.77601892208076
clock,root,0.4677278849514219
clock,nn,0.08444441929025104
clock,pobj,0.15948597143510845
clock,conj,0.0698896532002472
clock,dobj,0.16757870342282222
clock,pobj,0.08849704303978022
clock,root,0.4997404280790657
clock,root,0.5465866177481389
clock,root,0.6059490117903852
clock,root,0.7087246604133766
clock,root,0.42534716410037055
clock,nn,0.24767130807819934
clock,conj,0.30645436151650784
clock,root,0.37169369818724585
clock,rcmod,0.15399318899430847
clock,nn,0.042277796656612236
clock,pobj,0.02169837694747856
clock,nn,0.1368652864404556
clock,nn,0.0477454316633118
light,amod,0.01823836272995893
clock,nn,0.07549215482453807
clock,nn,0.14683288799205674
clock,nn,0.04478250764041836
clock,root,0.08983502536942634
clock,nn,0.12504199769815694
stove,amod,0.04187298395639826
clock,conj,0.14207391639602007
stove,conj,0.11789289176319415
water,pobj,0.16508105634279613
water,pobj,0.10346345685594073
water,pobj,0.07712117682859887
light,amod,0.024842236206943924
baby,pobj,0.060872236539514124
baby,npadvmod,0.0942867934750088
baby,conj,0.030524381304440577
clock,nsubj,0.3025227443595626
clock,nn,0.2057237924526263
clock,root,0.7115055013970396
water,pobj,0.15565938817796
water,pobj,0.18060751495353056
light,amod,0.061026831546690315
water,pobj,0.02193788338877034
water,pobj,0.040740515520787716
water,pobj,0.042811482263762406
water,pobj,0.05837088468834816
water,nn,0.014189493570091916
water,pobj,0.021849476330359045
water,pobj,0.02815824787580645
water,pobj,0.07977572647969333
water,pobj,0.03205413276704727
water,pobj,0.12154647411990438
zebra,nn,0.771515624276047
stove,nn,0.026122341307596497
stove,nn,0.06606885395696928
water,pobj,0.023670229245868923
stove,pobj,0.13994436893579387
water,pobj,0.014756263340110154
clock,conj,0.11800820659351195
clock,conj,0.21507471681241874
clock,pobj,0.3233166638717212
clock,pobj,0.3498685534434697
baby,root,0.18901849754539668
baby,nn,0.19955903285917972
clock,nsubjpass,0.5291916602326865
clock,root,0.17441168941621732
clock,root,0.5785004869651975
clock,pobj,0.2105601264950532
clock,npadvmod,0.5634374426737958
stove,pobj,0.09875156456497693
stove,pobj,0.2298758737125899
water,pobj,0.0249162542303788
clock,nsubj,0.051644666887269874
clock,root,0.06191859215717455
clock,root,0.2410311765566544
clock,root,0.2105951627850826
clock,pobj,0.16738840795491328
zebra,root,0.3206489529905455
zebra,conj,0.19895754976277447
zebra,nsubj,0.4842307683301938
zebra,root,0.3770011749769705
zebra,root,0.3875055326264109
water,pobj,0.16409923457052056
water,pobj,0.14518299760842726
water,pobj,0.11976659619751663
water,pobj,0.09900594418083752
water,pobj,0.06520539619292433
water,pobj,0.42987421379882784
water,pobj,0.06531899939936125
water,pobj,0.0768628705520895
water,pobj,0.05263081075750065
water,pobj,0.025893531294536528
water,pobj,0.02037646657106662
baby,dobj,0.5262339527223687
water,pobj,0.2585020381906834
baby,pobj,0.1637290057266837
water,pobj,0.18363960598464055
water,pobj,0.06628708925332627
water,pobj,0.043106543632932426
water,pobj,0.07395478298830194
water,pobj,0.05502336652446549
water,pobj,0.13695937107006562
water,pobj,0.115895010292404
water,pobj,0.06131314522590181
water,pobj,0.16469469537777348
water,pobj,0.2567997675429641
stove,amod,0.20339875083623649
stove,pobj,0.08108523934760481
stove,nn,0.006333395609684933
stove,dobj,0.08429950126962193
clock,nn,0.06087446567373678
clock,nsubjpass,0.15199804476006407
clock,pobj,0.019968644236379784
clock,pobj,0.05481922748784662
water,pobj,0.2520769543596584
water,pobj,0.27267861772595053
water,pobj,0.23314034270536094
water,pobj,0.08012188830691247
water,pobj,0.26281975895580456
water,pobj,0.20868543894168912
water,pobj,0.3128138501971355
water,pobj,0.20117491592853387
water,dobj,0.07561351810574557
water,pobj,0.05319365911308594
water,pobj,0.38516779867705575
water,nn,0.13137533815448588
water,xcomp,0.3023596666028085
water,pobj,0.06289568935426837
water,pobj,0.015417783449573674
water,pobj,0.0648884236595868
stove,amod,0.02465407534277964
clock,pobj,0.3625233342199726
clock,nsubjpass,0.3895187328079655
clock,pobj,0.10242560769187993
clock,pobj,0.1994049533682859
clock,nn,0.021796513022975028
clock,pobj,0.050654946630349966
clock,root,0.2709050272893331
clock,root,0.26670095827892226
clock,nn,0.1867803781359544
clock,nsubj,0.04728838234342903
clock,conj,0.05918158654811712
clock,nsubjpass,0.28060809841757706
baby,nsubj,0.2669952834252708
stove,pobj,0.13153566760688318
baby,root,0.3883465560502965
stove,pobj,0.3652451176762889
stove,pobj,0.20064542615081568
water,pobj,0.005565063675185833
clock,npadvmod,0.6966942694034544
clock,root,0.5059342092083505
clock,root,0.6811504106900897
clock,root,0.5043602636753399
stove,amod,0.09576447008109698
light,amod,0.014903451940490588
water,pobj,0.30151165826310544
water,pobj,0.10524447521512048
light,root,0.12285614456527395
light,amod,0.021151247754615854
light,root,0.14279007585200876
light,nsubj,0.0388394163485154
light,root,0.03892311629768674
light,pobj,0.13665604382145036
light,nsubj,0.2461026086392185
light,pobj,0.10701765649442974
water,pobj,0.06120733664260891
water,pobj,0.0886945066232787
water,pobj,0.10272039472185236
water,nn,0.06070664654393799
water,pobj,0.05792588325262349
water,pobj,0.1198075154248548
water,pobj,0.04477458338162832
baby,nsubj,0.017553160812849966
baby,nn,0.004059037084621742
baby,conj,0.030364400720573226
baby,nn,0.036726899399153516
baby,conj,0.03401021895438627
baby,nn,0.02545414921138189
zebra,pobj,0.6765142104185166
zebra,root,0.023243548062844788
baby,nn,0.0021434499405872387
zebra,pobj,0.0006979173662086113
zebra,nsubj,0.0002140014712600502
zebra,pobj,0.004121424817964403
zebra,pcomp,0.4739265594562998
water,nn,0.2573984057799179
light,nsubj,0.04577539379307183
clock,nn,0.016715474489528592
clock,root,0.03857698722022096
clock,nn,0.029779619176368063
clock,pobj,0.19616608751336195
clock,nn,0.043387339697782516
clock,root,0.7636590176891149
clock,root,0.7595045765959056
clock,pobj,0.8318015207170227
clock,nsubj,0.6568656694753306
clock,nsubj,0.807321490966389
stove,pobj,0.06224706725619245
light,pobj,0.07377463164525977
water,pobj,0.2491157361941364
water,pobj,0.15354735601486524
water,pobj,0.10270741178686872
water,pobj,0.3330598114427875
zebra,nsubj,0.5270706358158274
zebra,pobj,0.895601060593703
zebra,nn,0.9053212034100266
zebra,nsubj,0.6451897838755585
zebra,pobj,0.6697264823501337
zebra,pobj,0.9171894761663002
zebra,nn,0.7319022351515446
baby,nn,0.08366482014911025
baby,conj,0.0744847655524663
stove,conj,0.05658820435277545
stove,amod,0.17606210208876438
light,pobj,0.04931501734516031
stove,pobj,0.04111481025791197
stove,conj,0.06069304528161167
stove,pobj,0.10937483113716816
stove,amod,0.1974152021523196
stove,conj,0.07307312195226157
stove,amod,0.06855213765910552
stove,pobj,0.018442612524176227
stove,pobj,0.512980917415528
stove,rcmod,0.055131985978611915
stove,npadvmod,0.007223287979759795
clock,nn,0.026014887972590103
clock,nn,0.08331506635058417
light,amod,0.04909194522412552
clock,nn,0.10051599843138724
clock,nn,0.03441672756713732
clock,nn,0.02605803059409839
clock,nn,0.050606374128226
clock,nn,0.138221988933373
clock,nn,0.1720617544089904
clock,root,0.13542961510353602
clock,rcmod,0.3689176668307692
clock,root,0.6294486324670066
clock,nsubj,0.7286878576099755
clock,root,0.6885553894240938
clock,root,0.452133486237173
stove,pobj,0.13352914788667025
stove,nsubj,0.7801459448059742
stove,amod,0.16675304774243538
stove,root,0.3158876585249492
stove,pobj,0.05573871817241372
stove,nsubj,0.4580922851898621
stove,amod,0.1160857608443988
stove,root,0.4035269140162467
water,pobj,0.1485265975501724
water,pobj,0.17134658481054388
water,pobj,0.1174378488096437
light,amod,0.05713261414674575
light,dobj,0.04613109641538715
baby,nsubj,0.03717490095262055
light,conj,0.28263496554909306
light,pobj,0.10190880230134858
water,pobj,0.02332880785097136
water,pobj,0.05468167331006957
water,pobj,0.03884970241808194
water,pobj,0.21179033955260151
water,pobj,0.08136708922643286
water,pobj,0.104359130813777
water,pobj,0.2600503965419679
zebra,root,0.5023640059262698
zebra,root,0.8175453117209363
zebra,root,0.7545578818281155
zebra,nn,0.806160872632573
zebra,nsubj,0.6611372886205642
baby,conj,0.032808410761686724
stove,pobj,0.12389049357320935
stove,pobj,0.16075556377895472
water,pobj,0.2187626885734444
water,pobj,0.18056035069403095
water,pobj,0.4220892599649563
water,pobj,0.7119279605891382
water,pobj,0.050995702212155436
water,dobj,0.15271424018375013
water,pobj,0.012301079022530416
water,conj,0.016033941021272313
clock,root,0.6990272208694495
clock,pobj,0.6297802838267672
clock,root,0.7474974445839152
clock,root,0.6830155621577678
clock,nsubj,0.4841908194497422
stove,conj,0.2071130018341312
stove,amod,0.05266527374952035
clock,root,0.1976581313188811
clock,nn,0.4562422708251238
clock,dobj,0.057759144244012635
clock,root,0.12876566024552538
clock,pobj,0.0033812177645317076
stove,pobj,0.07657613970609134
stove,pobj,0.14551506913997414
light,amod,0.0671173617004861
water,pobj,0.024270415442545268
water,conj,0.11942019696915185
water,pobj,0.0699662196563281
light,amod,0.054520821070203056
light,root,0.24333995027623176
light,root,0.21407514097326566
light,pobj,0.08311177912925771
water,pobj,0.2654866172290422
water,pobj,0.14888390338888424
baby,nn,0.03993441112601537
baby,amod,0.030912569471838517
baby,nn,0.03218406187567069
baby,nsubj,0.2597159216352344
baby,pobj,0.044113186736651766
baby,pobj,0.06601621915283828
